evnt_start_time_x,mtng_date,mtng_venue_location,evnt_number,mtng_name,sport_name_x,Racecourse,Meeting Date,ramp_id,sport_name_y,evnt_start_time_y,country,commission,uk_commission,ie_commission,bf_uk_volume,bf_ie_volume,pp_uk_volume,pp_ie_volume,volume,_merge
2022-06-01 04:56:00,2022-06-01 00:00:00,VIC,1,BENDIGO ,Greyhound Racing,BENDIGO,2022-06-01,,,,,,,,,,,,,left_only
2022-06-01 05:11:00,2022-06-01 00:00:00,VIC,2,BENDIGO ,Greyhound Racing,BENDIGO,2022-06-01,,,,,,,,,,,,,left_only
2022-06-01 05:34:00,2022-06-01 00:00:00,VIC,3,BENDIGO ,Greyhound Racing,BENDIGO,2022-06-01,,,,,,,,,,,,,left_only
2022-06-01 05:55:00,2022-06-01 00:00:00,VIC,4,BENDIGO ,Greyhound Racing,BENDIGO,2022-06-01,,,,,,,,,,,,,left_only
2022-06-01 06:14:00,2022-06-01 00:00:00,VIC,5,BENDIGO ,Greyhound Racing,BENDIGO,2022-06-01,,,,,,,,,,,,,left_only
2022-06-01 06:32:00,2022-06-01 00:00:00,VIC,6,BENDIGO ,Greyhound Racing,BENDIGO,2022-06-01,,,,,,,,,,,,,left_only
2022-06-01 06:49:00,2022-06-01 00:00:00,VIC,7,BENDIGO ,Greyhound Racing,BENDIGO,2022-06-01,,,,,,,,,,,,,left_only
2022-06-01 07:12:00,2022-06-01 00:00:00,VIC,8,BENDIGO ,Greyhound Racing,BENDIGO,2022-06-01,,,,,,,,,,,,,left_only
2022-06-01 07:29:00,2022-06-01 00:00:00,VIC,9,BENDIGO ,Greyhound Racing,BENDIGO,2022-06-01,,,,,,,,,,,,,left_only
2022-06-01 07:48:00,2022-06-01 00:00:00,VIC,10,BENDIGO ,Greyhound Racing,BENDIGO,2022-06-01,,,,,,,,,,,,,left_only
2022-06-01 08:04:00,2022-06-01 00:00:00,VIC,11,BENDIGO ,Greyhound Racing,BENDIGO,2022-06-01,,,,,,,,,,,,,left_only
2022-06-01 08:22:00,2022-06-01 00:00:00,VIC,12,BENDIGO ,Greyhound Racing,BENDIGO,2022-06-01,,,,,,,,,,,,,left_only
2022-06-02 09:10:00,2022-06-02 00:00:00,SA,1,ANGLE PARK ,Greyhound Racing,ANGLE PARK,2022-06-02,,,,,,,,,,,,,left_only
2022-06-02 09:34:00,2022-06-02 00:00:00,SA,2,ANGLE PARK ,Greyhound Racing,ANGLE PARK,2022-06-02,,,,,,,,,,,,,left_only
2022-06-02 09:55:00,2022-06-02 00:00:00,SA,3,ANGLE PARK ,Greyhound Racing,ANGLE PARK,2022-06-02,,,,,,,,,,,,,left_only
2022-06-02 10:19:00,2022-06-02 00:00:00,SA,4,ANGLE PARK ,Greyhound Racing,ANGLE PARK,2022-06-02,,,,,,,,,,,,,left_only
2022-06-02 10:40:00,2022-06-02 00:00:00,SA,5,ANGLE PARK ,Greyhound Racing,ANGLE PARK,2022-06-02,,,,,,,,,,,,,left_only
2022-06-02 10:55:00,2022-06-02 00:00:00,SA,6,ANGLE PARK ,Greyhound Racing,ANGLE PARK,2022-06-02,,,,,,,,,,,,,left_only
2022-06-02 11:20:00,2022-06-02 00:00:00,SA,7,ANGLE PARK ,Greyhound Racing,ANGLE PARK,2022-06-02,,,,,,,,,,,,,left_only
2022-06-02 11:38:00,2022-06-02 00:00:00,SA,8,ANGLE PARK ,Greyhound Racing,ANGLE PARK,2022-06-02,,,,,,,,,,,,,left_only
2022-06-02 12:01:00,2022-06-02 00:00:00,SA,9,ANGLE PARK ,Greyhound Racing,ANGLE PARK,2022-06-02,,,,,,,,,,,,,left_only
2022-06-02 12:20:00,2022-06-02 00:00:00,SA,10,ANGLE PARK ,Greyhound Racing,ANGLE PARK,2022-06-02,,,,,,,,,,,,,left_only
2022-06-02 12:39:00,2022-06-02 00:00:00,SA,11,ANGLE PARK ,Greyhound Racing,ANGLE PARK,2022-06-02,,,,,,,,,,,,,left_only
2022-06-03 04:57:00,2022-06-03 00:00:00,VIC,1,BENDIGO ,Greyhound Racing,BENDIGO,2022-06-03,,,,,,,,,,,,,left_only
2022-06-03 05:19:00,2022-06-03 00:00:00,VIC,2,BENDIGO ,Greyhound Racing,BENDIGO,2022-06-03,,,,,,,,,,,,,left_only
2022-06-03 05:37:00,2022-06-03 00:00:00,VIC,3,BENDIGO ,Greyhound Racing,BENDIGO,2022-06-03,,,,,,,,,,,,,left_only
2022-06-03 05:57:00,2022-06-03 00:00:00,VIC,4,BENDIGO ,Greyhound Racing,BENDIGO,2022-06-03,,,,,,,,,,,,,left_only
2022-06-03 06:17:00,2022-06-03 00:00:00,VIC,5,BENDIGO ,Greyhound Racing,BENDIGO,2022-06-03,,,,,,,,,,,,,left_only
2022-06-03 06:44:00,2022-06-03 00:00:00,VIC,6,BENDIGO ,Greyhound Racing,BENDIGO,2022-06-03,,,,,,,,,,,,,left_only
2022-06-03 07:02:00,2022-06-03 00:00:00,VIC,7,BENDIGO ,Greyhound Racing,BENDIGO,2022-06-03,,,,,,,,,,,,,left_only
2022-06-03 07:20:00,2022-06-03 00:00:00,VIC,8,BENDIGO ,Greyhound Racing,BENDIGO,2022-06-03,,,,,,,,,,,,,left_only
2022-06-03 07:42:00,2022-06-03 00:00:00,VIC,9,BENDIGO ,Greyhound Racing,BENDIGO,2022-06-03,,,,,,,,,,,,,left_only
2022-06-03 08:04:00,2022-06-03 00:00:00,VIC,10,BENDIGO ,Greyhound Racing,BENDIGO,2022-06-03,,,,,,,,,,,,,left_only
2022-06-03 08:24:00,2022-06-03 00:00:00,VIC,11,BENDIGO ,Greyhound Racing,BENDIGO,2022-06-03,,,,,,,,,,,,,left_only
2022-06-03 08:45:00,2022-06-03 00:00:00,VIC,12,BENDIGO ,Greyhound Racing,BENDIGO,2022-06-03,,,,,,,,,,,,,left_only
2022-06-03 22:02:00,2022-06-04 00:00:00,NSW,1,RICHMOND STRAIGHT ,Greyhound Racing,RICHMOND STRAIGHT,2022-06-04,,,,,,,,,,,,,left_only
2022-06-03 22:17:00,2022-06-04 00:00:00,NSW,2,RICHMOND STRAIGHT ,Greyhound Racing,RICHMOND STRAIGHT,2022-06-04,,,,,,,,,,,,,left_only
2022-06-03 22:32:00,2022-06-04 00:00:00,NSW,3,RICHMOND STRAIGHT ,Greyhound Racing,RICHMOND STRAIGHT,2022-06-04,,,,,,,,,,,,,left_only
2022-06-03 22:47:00,2022-06-04 00:00:00,NSW,4,RICHMOND STRAIGHT ,Greyhound Racing,RICHMOND STRAIGHT,2022-06-04,,,,,,,,,,,,,left_only
2022-06-03 23:02:00,2022-06-04 00:00:00,NSW,5,RICHMOND STRAIGHT ,Greyhound Racing,RICHMOND STRAIGHT,2022-06-04,,,,,,,,,,,,,left_only
2022-06-03 23:17:00,2022-06-04 00:00:00,NSW,6,RICHMOND STRAIGHT ,Greyhound Racing,RICHMOND STRAIGHT,2022-06-04,,,,,,,,,,,,,left_only
2022-06-03 23:32:00,2022-06-04 00:00:00,NSW,7,RICHMOND STRAIGHT ,Greyhound Racing,RICHMOND STRAIGHT,2022-06-04,,,,,,,,,,,,,left_only
2022-06-03 23:47:00,2022-06-04 00:00:00,NSW,8,RICHMOND STRAIGHT ,Greyhound Racing,RICHMOND STRAIGHT,2022-06-04,,,,,,,,,,,,,left_only
2022-06-04 00:07:00,2022-06-04 00:00:00,NSW,9,RICHMOND STRAIGHT ,Greyhound Racing,RICHMOND STRAIGHT,2022-06-04,,,,,,,,,,,,,left_only
2022-06-04 00:27:00,2022-06-04 00:00:00,NSW,10,RICHMOND STRAIGHT ,Greyhound Racing,RICHMOND STRAIGHT,2022-06-04,,,,,,,,,,,,,left_only
2022-06-04 00:45:00,2022-06-04 00:00:00,NSW,11,RICHMOND STRAIGHT ,Greyhound Racing,RICHMOND STRAIGHT,2022-06-04,,,,,,,,,,,,,left_only
2022-06-04 09:22:00,2022-06-04 00:00:00,VIC,9,BENDIGO ,Greyhound Racing,BENDIGO,2022-06-04,,,,,,,,,,,,,left_only
2022-06-04 09:37:00,2022-06-04 00:00:00,VIC,10,BENDIGO ,Greyhound Racing,BENDIGO,2022-06-04,,,,,,,,,,,,,left_only
2022-06-04 09:53:00,2022-06-04 00:00:00,VIC,11,BENDIGO ,Greyhound Racing,BENDIGO,2022-06-04,,,,,,,,,,,,,left_only
2022-06-04 10:09:00,2022-06-04 00:00:00,VIC,12,BENDIGO ,Greyhound Racing,BENDIGO,2022-06-04,,,,,,,,,,,,,left_only
2022-06-06 08:39:00,2022-06-06 00:00:00,SA,1,ANGLE PARK ,Greyhound Racing,ANGLE PARK,2022-06-06,,,,,,,,,,,,,left_only
2022-06-06 08:58:00,2022-06-06 00:00:00,SA,2,ANGLE PARK ,Greyhound Racing,ANGLE PARK,2022-06-06,,,,,,,,,,,,,left_only
2022-06-06 09:16:00,2022-06-06 00:00:00,SA,3,ANGLE PARK ,Greyhound Racing,ANGLE PARK,2022-06-06,,,,,,,,,,,,,left_only
2022-06-06 09:38:00,2022-06-06 00:00:00,SA,4,ANGLE PARK ,Greyhound Racing,ANGLE PARK,2022-06-06,,,,,,,,,,,,,left_only
2022-06-06 10:00:00,2022-06-06 00:00:00,SA,5,ANGLE PARK ,Greyhound Racing,ANGLE PARK,2022-06-06,,,,,,,,,,,,,left_only
2022-06-06 10:22:00,2022-06-06 00:00:00,SA,6,ANGLE PARK ,Greyhound Racing,ANGLE PARK,2022-06-06,,,,,,,,,,,,,left_only
2022-06-06 10:40:00,2022-06-06 00:00:00,SA,7,ANGLE PARK ,Greyhound Racing,ANGLE PARK,2022-06-06,,,,,,,,,,,,,left_only
2022-06-06 11:02:00,2022-06-06 00:00:00,SA,8,ANGLE PARK ,Greyhound Racing,ANGLE PARK,2022-06-06,,,,,,,,,,,,,left_only
2022-06-06 11:24:00,2022-06-06 00:00:00,SA,9,ANGLE PARK ,Greyhound Racing,ANGLE PARK,2022-06-06,,,,,,,,,,,,,left_only
2022-06-06 11:46:00,2022-06-06 00:00:00,SA,10,ANGLE PARK ,Greyhound Racing,ANGLE PARK,2022-06-06,,,,,,,,,,,,,left_only
2022-06-06 12:08:00,2022-06-06 00:00:00,SA,11,ANGLE PARK ,Greyhound Racing,ANGLE PARK,2022-06-06,,,,,,,,,,,,,left_only
2022-06-06 12:25:00,2022-06-06 00:00:00,SA,12,ANGLE PARK ,Greyhound Racing,ANGLE PARK,2022-06-06,,,,,,,,,,,,,left_only
2022-06-07 02:24:00,2022-06-07 00:00:00,SA,1,MURRAY BRIDGE STRAIGHT ,Greyhound Racing,MURRAY BRIDGE STRAIGHT,2022-06-07,,,,,,,,,,,,,left_only
2022-06-07 02:43:00,2022-06-07 00:00:00,SA,2,MURRAY BRIDGE STRAIGHT ,Greyhound Racing,MURRAY BRIDGE STRAIGHT,2022-06-07,,,,,,,,,,,,,left_only
2022-06-07 03:04:00,2022-06-07 00:00:00,SA,3,MURRAY BRIDGE STRAIGHT ,Greyhound Racing,MURRAY BRIDGE STRAIGHT,2022-06-07,,,,,,,,,,,,,left_only
2022-06-07 03:19:00,2022-06-07 00:00:00,SA,4,MURRAY BRIDGE STRAIGHT ,Greyhound Racing,MURRAY BRIDGE STRAIGHT,2022-06-07,,,,,,,,,,,,,left_only
2022-06-07 03:39:00,2022-06-07 00:00:00,SA,5,MURRAY BRIDGE STRAIGHT ,Greyhound Racing,MURRAY BRIDGE STRAIGHT,2022-06-07,,,,,,,,,,,,,left_only
2022-06-07 03:57:00,2022-06-07 00:00:00,SA,6,MURRAY BRIDGE STRAIGHT ,Greyhound Racing,MURRAY BRIDGE STRAIGHT,2022-06-07,,,,,,,,,,,,,left_only
2022-06-07 04:14:00,2022-06-07 00:00:00,SA,7,MURRAY BRIDGE STRAIGHT ,Greyhound Racing,MURRAY BRIDGE STRAIGHT,2022-06-07,,,,,,,,,,,,,left_only
2022-06-07 04:34:00,2022-06-07 00:00:00,SA,8,MURRAY BRIDGE STRAIGHT ,Greyhound Racing,MURRAY BRIDGE STRAIGHT,2022-06-07,,,,,,,,,,,,,left_only
2022-06-07 04:49:00,2022-06-07 00:00:00,SA,9,MURRAY BRIDGE STRAIGHT ,Greyhound Racing,MURRAY BRIDGE STRAIGHT,2022-06-07,,,,,,,,,,,,,left_only
2022-06-07 05:09:00,2022-06-07 00:00:00,SA,10,MURRAY BRIDGE STRAIGHT ,Greyhound Racing,MURRAY BRIDGE STRAIGHT,2022-06-07,,,,,,,,,,,,,left_only
2022-06-07 05:27:00,2022-06-07 00:00:00,NSW,1,BULLI ,Greyhound Racing,BULLI,2022-06-07,,,,,,,,,,,,,left_only
2022-06-07 05:49:00,2022-06-07 00:00:00,NSW,2,BULLI ,Greyhound Racing,BULLI,2022-06-07,,,,,,,,,,,,,left_only
2022-06-07 06:09:00,2022-06-07 00:00:00,NSW,3,BULLI ,Greyhound Racing,BULLI,2022-06-07,,,,,,,,,,,,,left_only
2022-06-07 06:24:00,2022-06-07 00:00:00,NSW,4,BULLI ,Greyhound Racing,BULLI,2022-06-07,,,,,,,,,,,,,left_only
2022-06-07 06:44:00,2022-06-07 00:00:00,NSW,5,BULLI ,Greyhound Racing,BULLI,2022-06-07,,,,,,,,,,,,,left_only
2022-06-07 07:02:00,2022-06-07 00:00:00,NSW,6,BULLI ,Greyhound Racing,BULLI,2022-06-07,,,,,,,,,,,,,left_only
2022-06-07 07:20:00,2022-06-07 00:00:00,NSW,7,BULLI ,Greyhound Racing,BULLI,2022-06-07,,,,,,,,,,,,,left_only
2022-06-07 07:37:00,2022-06-07 00:00:00,NSW,8,BULLI ,Greyhound Racing,BULLI,2022-06-07,,,,,,,,,,,,,left_only
2022-06-07 07:55:00,2022-06-07 00:00:00,NSW,9,BULLI ,Greyhound Racing,BULLI,2022-06-07,,,,,,,,,,,,,left_only
2022-06-07 08:12:00,2022-06-07 00:00:00,NSW,10,BULLI ,Greyhound Racing,BULLI,2022-06-07,,,,,,,,,,,,,left_only
2022-06-08 05:12:00,2022-06-08 00:00:00,VIC,1,BENDIGO ,Greyhound Racing,BENDIGO,2022-06-08,,,,,,,,,,,,,left_only
2022-06-08 05:28:00,2022-06-08 00:00:00,VIC,2,BENDIGO ,Greyhound Racing,BENDIGO,2022-06-08,,,,,,,,,,,,,left_only
2022-06-08 05:47:00,2022-06-08 00:00:00,VIC,3,BENDIGO ,Greyhound Racing,BENDIGO,2022-06-08,,,,,,,,,,,,,left_only
2022-06-08 06:04:00,2022-06-08 00:00:00,VIC,4,BENDIGO ,Greyhound Racing,BENDIGO,2022-06-08,,,,,,,,,,,,,left_only
2022-06-08 06:22:00,2022-06-08 00:00:00,VIC,5,BENDIGO ,Greyhound Racing,BENDIGO,2022-06-08,,,,,,,,,,,,,left_only
2022-06-08 06:42:00,2022-06-08 00:00:00,VIC,6,BENDIGO ,Greyhound Racing,BENDIGO,2022-06-08,,,,,,,,,,,,,left_only
2022-06-08 07:01:00,2022-06-08 00:00:00,VIC,7,BENDIGO ,Greyhound Racing,BENDIGO,2022-06-08,,,,,,,,,,,,,left_only
2022-06-08 07:19:00,2022-06-08 00:00:00,VIC,8,BENDIGO ,Greyhound Racing,BENDIGO,2022-06-08,,,,,,,,,,,,,left_only
2022-06-08 07:35:00,2022-06-08 00:00:00,VIC,9,BENDIGO ,Greyhound Racing,BENDIGO,2022-06-08,,,,,,,,,,,,,left_only
2022-06-08 08:00:00,2022-06-08 00:00:00,VIC,10,BENDIGO ,Greyhound Racing,BENDIGO,2022-06-08,,,,,,,,,,,,,left_only
2022-06-08 08:21:00,2022-06-08 00:00:00,VIC,11,BENDIGO ,Greyhound Racing,BENDIGO,2022-06-08,,,,,,,,,,,,,left_only
2022-06-08 08:36:00,2022-06-08 00:00:00,VIC,12,BENDIGO ,Greyhound Racing,BENDIGO,2022-06-08,,,,,,,,,,,,,left_only
2022-06-09 09:07:00,2022-06-09 00:00:00,SA,1,ANGLE PARK ,Greyhound Racing,ANGLE PARK,2022-06-09,,,,,,,,,,,,,left_only
2022-06-09 09:28:00,2022-06-09 00:00:00,SA,2,ANGLE PARK ,Greyhound Racing,ANGLE PARK,2022-06-09,,,,,,,,,,,,,left_only
2022-06-09 09:52:00,2022-06-09 00:00:00,SA,3,ANGLE PARK ,Greyhound Racing,ANGLE PARK,2022-06-09,,,,,,,,,,,,,left_only
2022-06-09 10:13:00,2022-06-09 00:00:00,SA,4,ANGLE PARK ,Greyhound Racing,ANGLE PARK,2022-06-09,,,,,,,,,,,,,left_only
2022-06-09 10:37:00,2022-06-09 00:00:00,SA,5,ANGLE PARK ,Greyhound Racing,ANGLE PARK,2022-06-09,,,,,,,,,,,,,left_only
2022-06-09 10:58:00,2022-06-09 00:00:00,SA,6,ANGLE PARK ,Greyhound Racing,ANGLE PARK,2022-06-09,,,,,,,,,,,,,left_only
2022-06-09 11:20:00,2022-06-09 00:00:00,SA,7,ANGLE PARK ,Greyhound Racing,ANGLE PARK,2022-06-09,,,,,,,,,,,,,left_only
2022-06-09 11:38:00,2022-06-09 00:00:00,SA,8,ANGLE PARK ,Greyhound Racing,ANGLE PARK,2022-06-09,,,,,,,,,,,,,left_only
2022-06-09 12:01:00,2022-06-09 00:00:00,SA,9,ANGLE PARK ,Greyhound Racing,ANGLE PARK,2022-06-09,,,,,,,,,,,,,left_only
2022-06-09 12:22:00,2022-06-09 00:00:00,SA,10,ANGLE PARK ,Greyhound Racing,ANGLE PARK,2022-06-09,,,,,,,,,,,,,left_only
2022-06-09 12:44:00,2022-06-09 00:00:00,SA,11,ANGLE PARK ,Greyhound Racing,ANGLE PARK,2022-06-09,,,,,,,,,,,,,left_only
2022-06-09 13:02:00,2022-06-09 00:00:00,SA,12,ANGLE PARK ,Greyhound Racing,ANGLE PARK,2022-06-09,,,,,,,,,,,,,left_only
2022-06-10 05:17:00,2022-06-10 00:00:00,VIC,1,BENDIGO ,Greyhound Racing,BENDIGO,2022-06-10,,,,,,,,,,,,,left_only
2022-06-10 05:37:00,2022-06-10 00:00:00,VIC,2,BENDIGO ,Greyhound Racing,BENDIGO,2022-06-10,,,,,,,,,,,,,left_only
2022-06-10 05:57:00,2022-06-10 00:00:00,VIC,3,BENDIGO ,Greyhound Racing,BENDIGO,2022-06-10,,,,,,,,,,,,,left_only
2022-06-10 06:17:00,2022-06-10 00:00:00,VIC,4,BENDIGO ,Greyhound Racing,BENDIGO,2022-06-10,,,,,,,,,,,,,left_only
2022-06-10 06:37:00,2022-06-10 00:00:00,VIC,5,BENDIGO ,Greyhound Racing,BENDIGO,2022-06-10,,,,,,,,,,,,,left_only
2022-06-10 06:57:00,2022-06-10 00:00:00,VIC,6,BENDIGO ,Greyhound Racing,BENDIGO,2022-06-10,,,,,,,,,,,,,left_only
2022-06-10 07:15:00,2022-06-10 00:00:00,VIC,7,BENDIGO ,Greyhound Racing,BENDIGO,2022-06-10,,,,,,,,,,,,,left_only
2022-06-10 07:36:00,2022-06-10 00:00:00,VIC,8,BENDIGO ,Greyhound Racing,BENDIGO,2022-06-10,,,,,,,,,,,,,left_only
2022-06-10 07:57:00,2022-06-10 00:00:00,VIC,9,BENDIGO ,Greyhound Racing,BENDIGO,2022-06-10,,,,,,,,,,,,,left_only
2022-06-10 08:18:00,2022-06-10 00:00:00,VIC,10,BENDIGO ,Greyhound Racing,BENDIGO,2022-06-10,,,,,,,,,,,,,left_only
2022-06-10 08:39:00,2022-06-10 00:00:00,VIC,11,BENDIGO ,Greyhound Racing,BENDIGO,2022-06-10,,,,,,,,,,,,,left_only
2022-06-10 08:57:00,2022-06-10 00:00:00,VIC,12,BENDIGO ,Greyhound Racing,BENDIGO,2022-06-10,,,,,,,,,,,,,left_only
2022-06-10 22:02:00,2022-06-11 00:00:00,NSW,1,RICHMOND STRAIGHT ,Greyhound Racing,RICHMOND STRAIGHT,2022-06-11,,,,,,,,,,,,,left_only
2022-06-10 22:17:00,2022-06-11 00:00:00,NSW,2,RICHMOND STRAIGHT ,Greyhound Racing,RICHMOND STRAIGHT,2022-06-11,,,,,,,,,,,,,left_only
2022-06-10 22:32:00,2022-06-11 00:00:00,NSW,3,RICHMOND STRAIGHT ,Greyhound Racing,RICHMOND STRAIGHT,2022-06-11,,,,,,,,,,,,,left_only
2022-06-10 22:47:00,2022-06-11 00:00:00,NSW,4,RICHMOND STRAIGHT ,Greyhound Racing,RICHMOND STRAIGHT,2022-06-11,,,,,,,,,,,,,left_only
2022-06-10 23:02:00,2022-06-11 00:00:00,NSW,5,RICHMOND STRAIGHT ,Greyhound Racing,RICHMOND STRAIGHT,2022-06-11,,,,,,,,,,,,,left_only
2022-06-10 23:17:00,2022-06-11 00:00:00,NSW,6,RICHMOND STRAIGHT ,Greyhound Racing,RICHMOND STRAIGHT,2022-06-11,,,,,,,,,,,,,left_only
2022-06-10 23:32:00,2022-06-11 00:00:00,NSW,7,RICHMOND STRAIGHT ,Greyhound Racing,RICHMOND STRAIGHT,2022-06-11,,,,,,,,,,,,,left_only
2022-06-10 23:47:00,2022-06-11 00:00:00,NSW,8,RICHMOND STRAIGHT ,Greyhound Racing,RICHMOND STRAIGHT,2022-06-11,,,,,,,,,,,,,left_only
2022-06-11 00:07:00,2022-06-11 00:00:00,NSW,9,RICHMOND STRAIGHT ,Greyhound Racing,RICHMOND STRAIGHT,2022-06-11,,,,,,,,,,,,,left_only
2022-06-11 00:24:00,2022-06-11 00:00:00,NSW,10,RICHMOND STRAIGHT ,Greyhound Racing,RICHMOND STRAIGHT,2022-06-11,,,,,,,,,,,,,left_only
2022-06-11 00:41:00,2022-06-11 00:00:00,NSW,11,RICHMOND STRAIGHT ,Greyhound Racing,RICHMOND STRAIGHT,2022-06-11,,,,,,,,,,,,,left_only
2022-06-13 08:33:00,2022-06-13 00:00:00,SA,1,ANGLE PARK ,Greyhound Racing,ANGLE PARK,2022-06-13,,,,,,,,,,,,,left_only
2022-06-13 08:55:00,2022-06-13 00:00:00,SA,2,ANGLE PARK ,Greyhound Racing,ANGLE PARK,2022-06-13,,,,,,,,,,,,,left_only
2022-06-13 09:16:00,2022-06-13 00:00:00,SA,3,ANGLE PARK ,Greyhound Racing,ANGLE PARK,2022-06-13,,,,,,,,,,,,,left_only
2022-06-13 09:38:00,2022-06-13 00:00:00,SA,4,ANGLE PARK ,Greyhound Racing,ANGLE PARK,2022-06-13,,,,,,,,,,,,,left_only
2022-06-13 10:00:00,2022-06-13 00:00:00,SA,5,ANGLE PARK ,Greyhound Racing,ANGLE PARK,2022-06-13,,,,,,,,,,,,,left_only
2022-06-13 10:22:00,2022-06-13 00:00:00,SA,6,ANGLE PARK ,Greyhound Racing,ANGLE PARK,2022-06-13,,,,,,,,,,,,,left_only
2022-06-13 10:40:00,2022-06-13 00:00:00,SA,7,ANGLE PARK ,Greyhound Racing,ANGLE PARK,2022-06-13,,,,,,,,,,,,,left_only
2022-06-13 11:02:00,2022-06-13 00:00:00,SA,8,ANGLE PARK ,Greyhound Racing,ANGLE PARK,2022-06-13,,,,,,,,,,,,,left_only
2022-06-13 11:24:00,2022-06-13 00:00:00,SA,9,ANGLE PARK ,Greyhound Racing,ANGLE PARK,2022-06-13,,,,,,,,,,,,,left_only
2022-06-13 11:47:00,2022-06-13 00:00:00,SA,10,ANGLE PARK ,Greyhound Racing,ANGLE PARK,2022-06-13,,,,,,,,,,,,,left_only
2022-06-13 12:03:00,2022-06-13 00:00:00,SA,11,ANGLE PARK ,Greyhound Racing,ANGLE PARK,2022-06-13,,,,,,,,,,,,,left_only
2022-06-13 12:18:00,2022-06-13 00:00:00,SA,12,ANGLE PARK ,Greyhound Racing,ANGLE PARK,2022-06-13,,,,,,,,,,,,,left_only
2022-06-14 02:04:00,2022-06-14 00:00:00,SA,1,MURRAY BRIDGE STRAIGHT ,Greyhound Racing,MURRAY BRIDGE STRAIGHT,2022-06-14,,,,,,,,,,,,,left_only
2022-06-14 02:28:00,2022-06-14 00:00:00,SA,2,MURRAY BRIDGE STRAIGHT ,Greyhound Racing,MURRAY BRIDGE STRAIGHT,2022-06-14,,,,,,,,,,,,,left_only
2022-06-14 02:47:00,2022-06-14 00:00:00,SA,3,MURRAY BRIDGE STRAIGHT ,Greyhound Racing,MURRAY BRIDGE STRAIGHT,2022-06-14,,,,,,,,,,,,,left_only
2022-06-14 03:07:00,2022-06-14 00:00:00,SA,4,MURRAY BRIDGE STRAIGHT ,Greyhound Racing,MURRAY BRIDGE STRAIGHT,2022-06-14,,,,,,,,,,,,,left_only
2022-06-14 03:27:00,2022-06-14 00:00:00,SA,5,MURRAY BRIDGE STRAIGHT ,Greyhound Racing,MURRAY BRIDGE STRAIGHT,2022-06-14,,,,,,,,,,,,,left_only
2022-06-14 03:47:00,2022-06-14 00:00:00,SA,6,MURRAY BRIDGE STRAIGHT ,Greyhound Racing,MURRAY BRIDGE STRAIGHT,2022-06-14,,,,,,,,,,,,,left_only
2022-06-14 04:07:00,2022-06-14 00:00:00,SA,7,MURRAY BRIDGE STRAIGHT ,Greyhound Racing,MURRAY BRIDGE STRAIGHT,2022-06-14,,,,,,,,,,,,,left_only
2022-06-14 04:22:00,2022-06-14 00:00:00,SA,8,MURRAY BRIDGE STRAIGHT ,Greyhound Racing,MURRAY BRIDGE STRAIGHT,2022-06-14,,,,,,,,,,,,,left_only
2022-06-14 04:32:00,2022-06-14 00:00:00,NSW,1,BULLI ,Greyhound Racing,BULLI,2022-06-14,,,,,,,,,,,,,left_only
2022-06-14 04:49:00,2022-06-14 00:00:00,SA,9,MURRAY BRIDGE STRAIGHT ,Greyhound Racing,MURRAY BRIDGE STRAIGHT,2022-06-14,,,,,,,,,,,,,left_only
2022-06-14 04:54:00,2022-06-14 00:00:00,NSW,2,BULLI ,Greyhound Racing,BULLI,2022-06-14,,,,,,,,,,,,,left_only
2022-06-14 05:09:00,2022-06-14 00:00:00,SA,10,MURRAY BRIDGE STRAIGHT ,Greyhound Racing,MURRAY BRIDGE STRAIGHT,2022-06-14,,,,,,,,,,,,,left_only
2022-06-14 05:12:00,2022-06-14 00:00:00,NSW,3,BULLI ,Greyhound Racing,BULLI,2022-06-14,,,,,,,,,,,,,left_only
2022-06-14 05:34:00,2022-06-14 00:00:00,NSW,4,BULLI ,Greyhound Racing,BULLI,2022-06-14,,,,,,,,,,,,,left_only
2022-06-14 05:54:00,2022-06-14 00:00:00,NSW,5,BULLI ,Greyhound Racing,BULLI,2022-06-14,,,,,,,,,,,,,left_only
2022-06-14 06:12:00,2022-06-14 00:00:00,NSW,6,BULLI ,Greyhound Racing,BULLI,2022-06-14,,,,,,,,,,,,,left_only
2022-06-14 06:34:00,2022-06-14 00:00:00,NSW,7,BULLI ,Greyhound Racing,BULLI,2022-06-14,,,,,,,,,,,,,left_only
2022-06-14 06:55:00,2022-06-14 00:00:00,NSW,8,BULLI ,Greyhound Racing,BULLI,2022-06-14,,,,,,,,,,,,,left_only
2022-06-14 07:17:00,2022-06-14 00:00:00,NSW,9,BULLI ,Greyhound Racing,BULLI,2022-06-14,,,,,,,,,,,,,left_only
2022-06-14 07:38:00,2022-06-14 00:00:00,NSW,10,BULLI ,Greyhound Racing,BULLI,2022-06-14,,,,,,,,,,,,,left_only
2022-06-14 07:58:00,2022-06-14 00:00:00,NSW,11,BULLI ,Greyhound Racing,BULLI,2022-06-14,,,,,,,,,,,,,left_only
2022-06-15 02:37:00,2022-06-15 00:00:00,QLD,2,CAPALABA ,Greyhound Racing,CAPALABA,2022-06-15,,,,,,,,,,,,,left_only
2022-06-15 02:43:00,2022-06-15 00:00:00,NSW,7,THE GARDENS ,Greyhound Racing,THE GARDENS,2022-06-15,,,,,,,,,,,,,left_only
2022-06-15 03:22:00,2022-06-15 00:00:00,NSW,9,THE GARDENS ,Greyhound Racing,THE GARDENS,2022-06-15,,,,,,,,,,,,,left_only
2022-06-15 03:44:00,2022-06-15 00:00:00,QLD,6,CAPALABA ,Greyhound Racing,CAPALABA,2022-06-15,,,,,,,,,,,,,left_only
2022-06-15 04:12:00,2022-06-15 00:00:00,VIC,1,BENDIGO ,Greyhound Racing,BENDIGO,2022-06-15,,,,,,,,,,,,,left_only
2022-06-15 04:38:00,2022-06-15 00:00:00,VIC,2,BENDIGO ,Greyhound Racing,BENDIGO,2022-06-15,,,,,,,,,,,,,left_only
2022-06-15 05:01:00,2022-06-15 00:00:00,VIC,3,BENDIGO ,Greyhound Racing,BENDIGO,2022-06-15,,,,,,,,,,,,,left_only
2022-06-15 05:22:00,2022-06-15 00:00:00,VIC,4,BENDIGO ,Greyhound Racing,BENDIGO,2022-06-15,,,,,,,,,,,,,left_only
2022-06-15 05:49:00,2022-06-15 00:00:00,VIC,5,BENDIGO ,Greyhound Racing,BENDIGO,2022-06-15,,,,,,,,,,,,,left_only
2022-06-15 06:07:00,2022-06-15 00:00:00,VIC,6,BENDIGO ,Greyhound Racing,BENDIGO,2022-06-15,,,,,,,,,,,,,left_only
2022-06-15 06:27:00,2022-06-15 00:00:00,VIC,7,BENDIGO ,Greyhound Racing,BENDIGO,2022-06-15,,,,,,,,,,,,,left_only
2022-06-15 06:49:00,2022-06-15 00:00:00,VIC,8,BENDIGO ,Greyhound Racing,BENDIGO,2022-06-15,,,,,,,,,,,,,left_only
2022-06-15 07:12:00,2022-06-15 00:00:00,VIC,9,BENDIGO ,Greyhound Racing,BENDIGO,2022-06-15,,,,,,,,,,,,,left_only
2022-06-15 07:32:00,2022-06-15 00:00:00,VIC,10,BENDIGO ,Greyhound Racing,BENDIGO,2022-06-15,,,,,,,,,,,,,left_only
2022-06-15 07:50:00,2022-06-15 00:00:00,VIC,11,BENDIGO ,Greyhound Racing,BENDIGO,2022-06-15,,,,,,,,,,,,,left_only
2022-06-15 08:07:00,2022-06-15 00:00:00,VIC,12,BENDIGO ,Greyhound Racing,BENDIGO,2022-06-15,,,,,,,,,,,,,left_only
2022-06-16 03:54:00,2022-06-16 00:00:00,VIC,9,SHEPPARTON ,Greyhound Racing,SHEPPARTON,2022-06-16,,,,,,,,,,,,,left_only
2022-06-16 09:10:00,2022-06-16 00:00:00,SA,1,ANGLE PARK ,Greyhound Racing,ANGLE PARK,2022-06-16,,,,,,,,,,,,,left_only
2022-06-16 09:34:00,2022-06-16 00:00:00,SA,2,ANGLE PARK ,Greyhound Racing,ANGLE PARK,2022-06-16,,,,,,,,,,,,,left_only
2022-06-16 09:55:00,2022-06-16 00:00:00,SA,3,ANGLE PARK ,Greyhound Racing,ANGLE PARK,2022-06-16,,,,,,,,,,,,,left_only
2022-06-16 10:19:00,2022-06-16 00:00:00,SA,4,ANGLE PARK ,Greyhound Racing,ANGLE PARK,2022-06-16,,,,,,,,,,,,,left_only
2022-06-16 10:37:00,2022-06-16 00:00:00,SA,5,ANGLE PARK ,Greyhound Racing,ANGLE PARK,2022-06-16,,,,,,,,,,,,,left_only
2022-06-16 11:04:00,2022-06-16 00:00:00,SA,6,ANGLE PARK ,Greyhound Racing,ANGLE PARK,2022-06-16,,,,,,,,,,,,,left_only
2022-06-16 11:25:00,2022-06-16 00:00:00,SA,7,ANGLE PARK ,Greyhound Racing,ANGLE PARK,2022-06-16,,,,,,,,,,,,,left_only
2022-06-16 11:50:00,2022-06-16 00:00:00,SA,8,ANGLE PARK ,Greyhound Racing,ANGLE PARK,2022-06-16,,,,,,,,,,,,,left_only
2022-06-16 12:11:00,2022-06-16 00:00:00,SA,9,ANGLE PARK ,Greyhound Racing,ANGLE PARK,2022-06-16,,,,,,,,,,,,,left_only
2022-06-16 12:29:00,2022-06-16 00:00:00,SA,10,ANGLE PARK ,Greyhound Racing,ANGLE PARK,2022-06-16,,,,,,,,,,,,,left_only
2022-06-16 12:50:00,2022-06-16 00:00:00,SA,11,ANGLE PARK ,Greyhound Racing,ANGLE PARK,2022-06-16,,,,,,,,,,,,,left_only
2022-06-16 13:09:00,2022-06-16 00:00:00,SA,12,ANGLE PARK ,Greyhound Racing,ANGLE PARK,2022-06-16,,,,,,,,,,,,,left_only
2022-06-17 01:09:00,2022-06-17 00:00:00,VIC,2,HEALESVILLE ,Greyhound Racing,HEALESVILLE,2022-06-17,,,,,,,,,,,,,left_only
2022-06-17 01:41:00,2022-06-17 00:00:00,VIC,4,HEALESVILLE ,Greyhound Racing,HEALESVILLE,2022-06-17,,,,,,,,,,,,,left_only
2022-06-17 03:57:00,2022-06-17 00:00:00,VIC,1,BENDIGO ,Greyhound Racing,BENDIGO,2022-06-17,,,,,,,,,,,,,left_only
2022-06-17 04:17:00,2022-06-17 00:00:00,VIC,2,BENDIGO ,Greyhound Racing,BENDIGO,2022-06-17,,,,,,,,,,,,,left_only
2022-06-17 04:37:00,2022-06-17 00:00:00,VIC,3,BENDIGO ,Greyhound Racing,BENDIGO,2022-06-17,,,,,,,,,,,,,left_only
2022-06-17 04:52:00,2022-06-17 00:00:00,VIC,4,BENDIGO ,Greyhound Racing,BENDIGO,2022-06-17,,,,,,,,,,,,,left_only
2022-06-17 05:19:00,2022-06-17 00:00:00,VIC,5,BENDIGO ,Greyhound Racing,BENDIGO,2022-06-17,,,,,,,,,,,,,left_only
2022-06-17 05:39:00,2022-06-17 00:00:00,VIC,6,BENDIGO ,Greyhound Racing,BENDIGO,2022-06-17,,,,,,,,,,,,,left_only
2022-06-17 05:57:00,2022-06-17 00:00:00,VIC,7,BENDIGO ,Greyhound Racing,BENDIGO,2022-06-17,,,,,,,,,,,,,left_only
2022-06-17 06:22:00,2022-06-17 00:00:00,VIC,8,BENDIGO ,Greyhound Racing,BENDIGO,2022-06-17,,,,,,,,,,,,,left_only
2022-06-17 06:42:00,2022-06-17 00:00:00,VIC,9,BENDIGO ,Greyhound Racing,BENDIGO,2022-06-17,,,,,,,,,,,,,left_only
2022-06-17 07:00:00,2022-06-17 00:00:00,VIC,10,BENDIGO ,Greyhound Racing,BENDIGO,2022-06-17,,,,,,,,,,,,,left_only
2022-06-17 07:23:00,2022-06-17 00:00:00,VIC,11,BENDIGO ,Greyhound Racing,BENDIGO,2022-06-17,,,,,,,,,,,,,left_only
2022-06-17 07:42:00,2022-06-17 00:00:00,VIC,12,BENDIGO ,Greyhound Racing,BENDIGO,2022-06-17,,,,,,,,,,,,,left_only
2022-06-17 07:46:00,2022-06-17 00:00:00,QLD,10,IPSWICH ,Greyhound Racing,IPSWICH,2022-06-17,,,,,,,,,,,,,left_only
2022-06-17 09:58:00,2022-06-17 00:00:00,VIC,4,BALLARAT ,Greyhound Racing,BALLARAT,2022-06-17,,,,,,,,,,,,,left_only
2022-06-17 22:19:00,2022-06-18 00:00:00,NSW,1,RICHMOND STRAIGHT ,Greyhound Racing,RICHMOND STRAIGHT,2022-06-18,,,,,,,,,,,,,left_only
2022-06-17 22:34:00,2022-06-18 00:00:00,NSW,2,RICHMOND STRAIGHT ,Greyhound Racing,RICHMOND STRAIGHT,2022-06-18,,,,,,,,,,,,,left_only
2022-06-17 22:49:00,2022-06-18 00:00:00,NSW,3,RICHMOND STRAIGHT ,Greyhound Racing,RICHMOND STRAIGHT,2022-06-18,,,,,,,,,,,,,left_only
2022-06-17 23:04:00,2022-06-18 00:00:00,NSW,4,RICHMOND STRAIGHT ,Greyhound Racing,RICHMOND STRAIGHT,2022-06-18,,,,,,,,,,,,,left_only
2022-06-17 23:22:00,2022-06-18 00:00:00,NSW,5,RICHMOND STRAIGHT ,Greyhound Racing,RICHMOND STRAIGHT,2022-06-18,,,,,,,,,,,,,left_only
2022-06-17 23:37:00,2022-06-18 00:00:00,NSW,6,RICHMOND STRAIGHT ,Greyhound Racing,RICHMOND STRAIGHT,2022-06-18,,,,,,,,,,,,,left_only
2022-06-17 23:54:00,2022-06-18 00:00:00,NSW,7,RICHMOND STRAIGHT ,Greyhound Racing,RICHMOND STRAIGHT,2022-06-18,,,,,,,,,,,,,left_only
2022-06-18 00:12:00,2022-06-18 00:00:00,NSW,8,RICHMOND STRAIGHT ,Greyhound Racing,RICHMOND STRAIGHT,2022-06-18,,,,,,,,,,,,,left_only
2022-06-18 00:29:00,2022-06-18 00:00:00,NSW,9,RICHMOND STRAIGHT ,Greyhound Racing,RICHMOND STRAIGHT,2022-06-18,,,,,,,,,,,,,left_only
2022-06-18 00:45:00,2022-06-18 00:00:00,NSW,10,RICHMOND STRAIGHT ,Greyhound Racing,RICHMOND STRAIGHT,2022-06-18,,,,,,,,,,,,,left_only
2022-06-20 08:33:00,2022-06-20 00:00:00,SA,1,ANGLE PARK ,Greyhound Racing,ANGLE PARK,2022-06-20,,,,,,,,,,,,,left_only
2022-06-20 08:58:00,2022-06-20 00:00:00,SA,2,ANGLE PARK ,Greyhound Racing,ANGLE PARK,2022-06-20,,,,,,,,,,,,,left_only
2022-06-20 09:17:00,2022-06-20 00:00:00,SA,3,ANGLE PARK ,Greyhound Racing,ANGLE PARK,2022-06-20,,,,,,,,,,,,,left_only
2022-06-20 09:38:00,2022-06-20 00:00:00,SA,4,ANGLE PARK ,Greyhound Racing,ANGLE PARK,2022-06-20,,,,,,,,,,,,,left_only
2022-06-20 10:00:00,2022-06-20 00:00:00,SA,5,ANGLE PARK ,Greyhound Racing,ANGLE PARK,2022-06-20,,,,,,,,,,,,,left_only
2022-06-20 10:18:00,2022-06-20 00:00:00,SA,6,ANGLE PARK ,Greyhound Racing,ANGLE PARK,2022-06-20,,,,,,,,,,,,,left_only
2022-06-20 10:41:00,2022-06-20 00:00:00,SA,7,ANGLE PARK ,Greyhound Racing,ANGLE PARK,2022-06-20,,,,,,,,,,,,,left_only
2022-06-20 10:56:00,2022-06-20 00:00:00,SA,8,ANGLE PARK ,Greyhound Racing,ANGLE PARK,2022-06-20,,,,,,,,,,,,,left_only
2022-06-20 11:20:00,2022-06-20 00:00:00,SA,9,ANGLE PARK ,Greyhound Racing,ANGLE PARK,2022-06-20,,,,,,,,,,,,,left_only
2022-06-20 11:40:00,2022-06-20 00:00:00,SA,10,ANGLE PARK ,Greyhound Racing,ANGLE PARK,2022-06-20,,,,,,,,,,,,,left_only
2022-06-20 11:58:00,2022-06-20 00:00:00,SA,11,ANGLE PARK ,Greyhound Racing,ANGLE PARK,2022-06-20,,,,,,,,,,,,,left_only
2022-06-20 12:17:00,2022-06-20 00:00:00,SA,12,ANGLE PARK ,Greyhound Racing,ANGLE PARK,2022-06-20,,,,,,,,,,,,,left_only
2022-06-21 01:59:00,2022-06-21 00:00:00,SA,1,MURRAY BRIDGE STRAIGHT ,Greyhound Racing,MURRAY BRIDGE STRAIGHT,2022-06-21,,,,,,,,,,,,,left_only
2022-06-21 02:03:00,2022-06-21 00:00:00,TAS,2,HOBART ,Greyhound Racing,HOBART,2022-06-21,,,,,,,,,,,,,left_only
2022-06-21 02:17:00,2022-06-21 00:00:00,SA,2,MURRAY BRIDGE STRAIGHT ,Greyhound Racing,MURRAY BRIDGE STRAIGHT,2022-06-21,,,,,,,,,,,,,left_only
2022-06-21 02:22:00,2022-06-21 00:00:00,TAS,3,HOBART ,Greyhound Racing,HOBART,2022-06-21,,,,,,,,,,,,,left_only
2022-06-21 02:42:00,2022-06-21 00:00:00,SA,3,MURRAY BRIDGE STRAIGHT ,Greyhound Racing,MURRAY BRIDGE STRAIGHT,2022-06-21,,,,,,,,,,,,,left_only
2022-06-21 02:57:00,2022-06-21 00:00:00,SA,4,MURRAY BRIDGE STRAIGHT ,Greyhound Racing,MURRAY BRIDGE STRAIGHT,2022-06-21,,,,,,,,,,,,,left_only
2022-06-21 03:22:00,2022-06-21 00:00:00,SA,5,MURRAY BRIDGE STRAIGHT ,Greyhound Racing,MURRAY BRIDGE STRAIGHT,2022-06-21,,,,,,,,,,,,,left_only
2022-06-21 03:44:00,2022-06-21 00:00:00,SA,6,MURRAY BRIDGE STRAIGHT ,Greyhound Racing,MURRAY BRIDGE STRAIGHT,2022-06-21,,,,,,,,,,,,,left_only
2022-06-21 04:09:00,2022-06-21 00:00:00,SA,7,MURRAY BRIDGE STRAIGHT ,Greyhound Racing,MURRAY BRIDGE STRAIGHT,2022-06-21,,,,,,,,,,,,,left_only
2022-06-21 04:24:00,2022-06-21 00:00:00,SA,8,MURRAY BRIDGE STRAIGHT ,Greyhound Racing,MURRAY BRIDGE STRAIGHT,2022-06-21,,,,,,,,,,,,,left_only
2022-06-21 04:32:00,2022-06-21 00:00:00,NSW,1,BULLI ,Greyhound Racing,BULLI,2022-06-21,,,,,,,,,,,,,left_only
2022-06-21 04:44:00,2022-06-21 00:00:00,SA,9,MURRAY BRIDGE STRAIGHT ,Greyhound Racing,MURRAY BRIDGE STRAIGHT,2022-06-21,,,,,,,,,,,,,left_only
2022-06-21 04:49:00,2022-06-21 00:00:00,NSW,2,BULLI ,Greyhound Racing,BULLI,2022-06-21,,,,,,,,,,,,,left_only
2022-06-21 05:06:00,2022-06-21 00:00:00,NSW,3,BULLI ,Greyhound Racing,BULLI,2022-06-21,,,,,,,,,,,,,left_only
2022-06-21 05:12:00,2022-06-21 00:00:00,SA,10,MURRAY BRIDGE STRAIGHT ,Greyhound Racing,MURRAY BRIDGE STRAIGHT,2022-06-21,,,,,,,,,,,,,left_only
2022-06-21 05:27:00,2022-06-21 00:00:00,SA,11,MURRAY BRIDGE STRAIGHT ,Greyhound Racing,MURRAY BRIDGE STRAIGHT,2022-06-21,,,,,,,,,,,,,left_only
2022-06-21 05:31:00,2022-06-21 00:00:00,NSW,4,BULLI ,Greyhound Racing,BULLI,2022-06-21,,,,,,,,,,,,,left_only
2022-06-21 05:54:00,2022-06-21 00:00:00,NSW,5,BULLI ,Greyhound Racing,BULLI,2022-06-21,,,,,,,,,,,,,left_only
2022-06-21 06:16:00,2022-06-21 00:00:00,NSW,6,BULLI ,Greyhound Racing,BULLI,2022-06-21,,,,,,,,,,,,,left_only
2022-06-21 06:31:00,2022-06-21 00:00:00,NSW,7,BULLI ,Greyhound Racing,BULLI,2022-06-21,,,,,,,,,,,,,left_only
2022-06-21 06:52:00,2022-06-21 00:00:00,NSW,8,BULLI ,Greyhound Racing,BULLI,2022-06-21,,,,,,,,,,,,,left_only
2022-06-21 07:08:00,2022-06-21 00:00:00,NSW,9,BULLI ,Greyhound Racing,BULLI,2022-06-21,,,,,,,,,,,,,left_only
2022-06-21 07:33:00,2022-06-21 00:00:00,NSW,10,BULLI ,Greyhound Racing,BULLI,2022-06-21,,,,,,,,,,,,,left_only
2022-06-21 07:50:00,2022-06-21 00:00:00,NSW,11,BULLI ,Greyhound Racing,BULLI,2022-06-21,,,,,,,,,,,,,left_only
2022-06-22 04:11:00,2022-06-22 00:00:00,VIC,1,BENDIGO ,Greyhound Racing,BENDIGO,2022-06-22,,,,,,,,,,,,,left_only
2022-06-22 04:36:00,2022-06-22 00:00:00,VIC,2,BENDIGO ,Greyhound Racing,BENDIGO,2022-06-22,,,,,,,,,,,,,left_only
2022-06-22 04:57:00,2022-06-22 00:00:00,VIC,3,BENDIGO ,Greyhound Racing,BENDIGO,2022-06-22,,,,,,,,,,,,,left_only
2022-06-22 05:17:00,2022-06-22 00:00:00,VIC,4,BENDIGO ,Greyhound Racing,BENDIGO,2022-06-22,,,,,,,,,,,,,left_only
2022-06-22 05:36:00,2022-06-22 00:00:00,VIC,5,BENDIGO ,Greyhound Racing,BENDIGO,2022-06-22,,,,,,,,,,,,,left_only
2022-06-22 06:00:00,2022-06-22 00:00:00,VIC,6,BENDIGO ,Greyhound Racing,BENDIGO,2022-06-22,,,,,,,,,,,,,left_only
2022-06-22 06:22:00,2022-06-22 00:00:00,VIC,7,BENDIGO ,Greyhound Racing,BENDIGO,2022-06-22,,,,,,,,,,,,,left_only
2022-06-22 06:47:00,2022-06-22 00:00:00,VIC,8,BENDIGO ,Greyhound Racing,BENDIGO,2022-06-22,,,,,,,,,,,,,left_only
2022-06-22 07:04:00,2022-06-22 00:00:00,VIC,9,BENDIGO ,Greyhound Racing,BENDIGO,2022-06-22,,,,,,,,,,,,,left_only
2022-06-22 07:27:00,2022-06-22 00:00:00,VIC,10,BENDIGO ,Greyhound Racing,BENDIGO,2022-06-22,,,,,,,,,,,,,left_only
2022-06-22 07:48:00,2022-06-22 00:00:00,VIC,11,BENDIGO ,Greyhound Racing,BENDIGO,2022-06-22,,,,,,,,,,,,,left_only
2022-06-22 08:05:00,2022-06-22 00:00:00,VIC,12,BENDIGO ,Greyhound Racing,BENDIGO,2022-06-22,,,,,,,,,,,,,left_only
2022-06-23 09:07:00,2022-06-23 00:00:00,SA,1,ANGLE PARK ,Greyhound Racing,ANGLE PARK,2022-06-23,,,,,,,,,,,,,left_only
2022-06-23 09:28:00,2022-06-23 00:00:00,SA,2,ANGLE PARK ,Greyhound Racing,ANGLE PARK,2022-06-23,,,,,,,,,,,,,left_only
2022-06-23 09:52:00,2022-06-23 00:00:00,SA,3,ANGLE PARK ,Greyhound Racing,ANGLE PARK,2022-06-23,,,,,,,,,,,,,left_only
2022-06-23 10:13:00,2022-06-23 00:00:00,SA,4,ANGLE PARK ,Greyhound Racing,ANGLE PARK,2022-06-23,,,,,,,,,,,,,left_only
2022-06-23 10:37:00,2022-06-23 00:00:00,SA,5,ANGLE PARK ,Greyhound Racing,ANGLE PARK,2022-06-23,,,,,,,,,,,,,left_only
2022-06-23 10:58:00,2022-06-23 00:00:00,SA,6,ANGLE PARK ,Greyhound Racing,ANGLE PARK,2022-06-23,,,,,,,,,,,,,left_only
2022-06-23 11:22:00,2022-06-23 00:00:00,SA,7,ANGLE PARK ,Greyhound Racing,ANGLE PARK,2022-06-23,,,,,,,,,,,,,left_only
2022-06-23 11:40:00,2022-06-23 00:00:00,SA,8,ANGLE PARK ,Greyhound Racing,ANGLE PARK,2022-06-23,,,,,,,,,,,,,left_only
2022-06-23 12:02:00,2022-06-23 00:00:00,SA,9,ANGLE PARK ,Greyhound Racing,ANGLE PARK,2022-06-23,,,,,,,,,,,,,left_only
2022-06-23 12:23:00,2022-06-23 00:00:00,SA,10,ANGLE PARK ,Greyhound Racing,ANGLE PARK,2022-06-23,,,,,,,,,,,,,left_only
2022-06-23 12:43:00,2022-06-23 00:00:00,SA,11,ANGLE PARK ,Greyhound Racing,ANGLE PARK,2022-06-23,,,,,,,,,,,,,left_only
2022-06-23 12:58:00,2022-06-23 00:00:00,SA,12,ANGLE PARK ,Greyhound Racing,ANGLE PARK,2022-06-23,,,,,,,,,,,,,left_only
2022-06-24 09:04:00,2022-06-24 00:00:00,VIC,1,BENDIGO ,Greyhound Racing,BENDIGO,2022-06-24,,,,,,,,,,,,,left_only
2022-06-24 09:28:00,2022-06-24 00:00:00,VIC,2,BENDIGO ,Greyhound Racing,BENDIGO,2022-06-24,,,,,,,,,,,,,left_only
2022-06-24 09:46:00,2022-06-24 00:00:00,VIC,3,BENDIGO ,Greyhound Racing,BENDIGO,2022-06-24,,,,,,,,,,,,,left_only
2022-06-24 10:05:00,2022-06-24 00:00:00,VIC,4,BENDIGO ,Greyhound Racing,BENDIGO,2022-06-24,,,,,,,,,,,,,left_only
2022-06-24 10:28:00,2022-06-24 00:00:00,VIC,5,BENDIGO ,Greyhound Racing,BENDIGO,2022-06-24,,,,,,,,,,,,,left_only
2022-06-24 10:47:00,2022-06-24 00:00:00,VIC,6,BENDIGO ,Greyhound Racing,BENDIGO,2022-06-24,,,,,,,,,,,,,left_only
2022-06-24 11:05:00,2022-06-24 00:00:00,VIC,7,BENDIGO ,Greyhound Racing,BENDIGO,2022-06-24,,,,,,,,,,,,,left_only
2022-06-24 11:28:00,2022-06-24 00:00:00,VIC,8,BENDIGO ,Greyhound Racing,BENDIGO,2022-06-24,,,,,,,,,,,,,left_only
2022-06-24 11:50:00,2022-06-24 00:00:00,VIC,9,BENDIGO ,Greyhound Racing,BENDIGO,2022-06-24,,,,,,,,,,,,,left_only
2022-06-24 12:06:00,2022-06-24 00:00:00,VIC,10,BENDIGO ,Greyhound Racing,BENDIGO,2022-06-24,,,,,,,,,,,,,left_only
2022-06-24 12:31:00,2022-06-24 00:00:00,VIC,11,BENDIGO ,Greyhound Racing,BENDIGO,2022-06-24,,,,,,,,,,,,,left_only
2022-06-24 12:48:00,2022-06-24 00:00:00,VIC,12,BENDIGO ,Greyhound Racing,BENDIGO,2022-06-24,,,,,,,,,,,,,left_only
2022-06-24 22:17:00,2022-06-25 00:00:00,SA,1,ANGLE PARK ,Greyhound Racing,ANGLE PARK,2022-06-25,,,,,,,,,,,,,left_only
2022-06-24 22:32:00,2022-06-25 00:00:00,SA,2,ANGLE PARK ,Greyhound Racing,ANGLE PARK,2022-06-25,,,,,,,,,,,,,left_only
2022-06-24 22:47:00,2022-06-25 00:00:00,SA,3,ANGLE PARK ,Greyhound Racing,ANGLE PARK,2022-06-25,,,,,,,,,,,,,left_only
2022-06-24 23:02:00,2022-06-25 00:00:00,SA,4,ANGLE PARK ,Greyhound Racing,ANGLE PARK,2022-06-25,,,,,,,,,,,,,left_only
2022-06-24 23:17:00,2022-06-25 00:00:00,SA,5,ANGLE PARK ,Greyhound Racing,ANGLE PARK,2022-06-25,,,,,,,,,,,,,left_only
2022-06-24 23:38:00,2022-06-25 00:00:00,SA,6,ANGLE PARK ,Greyhound Racing,ANGLE PARK,2022-06-25,,,,,,,,,,,,,left_only
2022-06-24 23:55:00,2022-06-25 00:00:00,SA,7,ANGLE PARK ,Greyhound Racing,ANGLE PARK,2022-06-25,,,,,,,,,,,,,left_only
2022-06-25 00:10:00,2022-06-25 00:00:00,SA,8,ANGLE PARK ,Greyhound Racing,ANGLE PARK,2022-06-25,,,,,,,,,,,,,left_only
2022-06-25 00:29:00,2022-06-25 00:00:00,SA,9,ANGLE PARK ,Greyhound Racing,ANGLE PARK,2022-06-25,,,,,,,,,,,,,left_only
2022-06-25 00:45:00,2022-06-25 00:00:00,SA,10,ANGLE PARK ,Greyhound Racing,ANGLE PARK,2022-06-25,,,,,,,,,,,,,left_only
2022-06-26 01:01:00,2022-06-26 00:00:00,VIC,1,BENDIGO ,Greyhound Racing,BENDIGO,2022-06-26,,,,,,,,,,,,,left_only
2022-06-26 01:16:00,2022-06-26 00:00:00,VIC,2,BENDIGO ,Greyhound Racing,BENDIGO,2022-06-26,,,,,,,,,,,,,left_only
2022-06-26 01:31:00,2022-06-26 00:00:00,VIC,3,BENDIGO ,Greyhound Racing,BENDIGO,2022-06-26,,,,,,,,,,,,,left_only
2022-06-26 01:49:00,2022-06-26 00:00:00,VIC,4,BENDIGO ,Greyhound Racing,BENDIGO,2022-06-26,,,,,,,,,,,,,left_only
2022-06-26 02:09:00,2022-06-26 00:00:00,VIC,5,BENDIGO ,Greyhound Racing,BENDIGO,2022-06-26,,,,,,,,,,,,,left_only
2022-06-26 02:32:00,2022-06-26 00:00:00,VIC,6,BENDIGO ,Greyhound Racing,BENDIGO,2022-06-26,,,,,,,,,,,,,left_only
2022-06-26 02:48:00,2022-06-26 00:00:00,VIC,7,BENDIGO ,Greyhound Racing,BENDIGO,2022-06-26,,,,,,,,,,,,,left_only
2022-06-26 03:09:00,2022-06-26 00:00:00,VIC,8,BENDIGO ,Greyhound Racing,BENDIGO,2022-06-26,,,,,,,,,,,,,left_only
2022-06-26 03:29:00,2022-06-26 00:00:00,VIC,9,BENDIGO ,Greyhound Racing,BENDIGO,2022-06-26,,,,,,,,,,,,,left_only
2022-06-26 03:47:00,2022-06-26 00:00:00,VIC,10,BENDIGO ,Greyhound Racing,BENDIGO,2022-06-26,,,,,,,,,,,,,left_only
2022-06-26 04:08:00,2022-06-26 00:00:00,VIC,11,BENDIGO ,Greyhound Racing,BENDIGO,2022-06-26,,,,,,,,,,,,,left_only
2022-06-26 04:34:00,2022-06-26 00:00:00,VIC,12,BENDIGO ,Greyhound Racing,BENDIGO,2022-06-26,,,,,,,,,,,,,left_only
2022-06-27 08:40:00,2022-06-27 00:00:00,SA,1,ANGLE PARK ,Greyhound Racing,ANGLE PARK,2022-06-27,,,,,,,,,,,,,left_only
2022-06-27 09:01:00,2022-06-27 00:00:00,SA,2,ANGLE PARK ,Greyhound Racing,ANGLE PARK,2022-06-27,,,,,,,,,,,,,left_only
2022-06-27 09:22:00,2022-06-27 00:00:00,SA,3,ANGLE PARK ,Greyhound Racing,ANGLE PARK,2022-06-27,,,,,,,,,,,,,left_only
2022-06-27 09:40:00,2022-06-27 00:00:00,SA,4,ANGLE PARK ,Greyhound Racing,ANGLE PARK,2022-06-27,,,,,,,,,,,,,left_only
2022-06-27 09:58:00,2022-06-27 00:00:00,SA,5,ANGLE PARK ,Greyhound Racing,ANGLE PARK,2022-06-27,,,,,,,,,,,,,left_only
2022-06-27 10:20:00,2022-06-27 00:00:00,SA,6,ANGLE PARK ,Greyhound Racing,ANGLE PARK,2022-06-27,,,,,,,,,,,,,left_only
2022-06-27 10:38:00,2022-06-27 00:00:00,SA,7,ANGLE PARK ,Greyhound Racing,ANGLE PARK,2022-06-27,,,,,,,,,,,,,left_only
2022-06-27 11:00:00,2022-06-27 00:00:00,SA,8,ANGLE PARK ,Greyhound Racing,ANGLE PARK,2022-06-27,,,,,,,,,,,,,left_only
2022-06-27 11:18:00,2022-06-27 00:00:00,SA,9,ANGLE PARK ,Greyhound Racing,ANGLE PARK,2022-06-27,,,,,,,,,,,,,left_only
2022-06-27 11:37:00,2022-06-27 00:00:00,SA,10,ANGLE PARK ,Greyhound Racing,ANGLE PARK,2022-06-27,,,,,,,,,,,,,left_only
2022-06-27 12:00:00,2022-06-27 00:00:00,SA,11,ANGLE PARK ,Greyhound Racing,ANGLE PARK,2022-06-27,,,,,,,,,,,,,left_only
2022-06-27 12:16:00,2022-06-27 00:00:00,SA,12,ANGLE PARK ,Greyhound Racing,ANGLE PARK,2022-06-27,,,,,,,,,,,,,left_only
2022-06-28 02:19:00,2022-06-28 00:00:00,SA,1,MURRAY BRIDGE STRAIGHT ,Greyhound Racing,MURRAY BRIDGE STRAIGHT,2022-06-28,,,,,,,,,,,,,left_only
2022-06-28 02:39:00,2022-06-28 00:00:00,SA,2,MURRAY BRIDGE STRAIGHT ,Greyhound Racing,MURRAY BRIDGE STRAIGHT,2022-06-28,,,,,,,,,,,,,left_only
2022-06-28 02:57:00,2022-06-28 00:00:00,SA,3,MURRAY BRIDGE STRAIGHT ,Greyhound Racing,MURRAY BRIDGE STRAIGHT,2022-06-28,,,,,,,,,,,,,left_only
2022-06-28 03:22:00,2022-06-28 00:00:00,SA,4,MURRAY BRIDGE STRAIGHT ,Greyhound Racing,MURRAY BRIDGE STRAIGHT,2022-06-28,,,,,,,,,,,,,left_only
2022-06-28 03:42:00,2022-06-28 00:00:00,SA,5,MURRAY BRIDGE STRAIGHT ,Greyhound Racing,MURRAY BRIDGE STRAIGHT,2022-06-28,,,,,,,,,,,,,left_only
2022-06-28 03:57:00,2022-06-28 00:00:00,SA,6,MURRAY BRIDGE STRAIGHT ,Greyhound Racing,MURRAY BRIDGE STRAIGHT,2022-06-28,,,,,,,,,,,,,left_only
2022-06-28 04:17:00,2022-06-28 00:00:00,SA,7,MURRAY BRIDGE STRAIGHT ,Greyhound Racing,MURRAY BRIDGE STRAIGHT,2022-06-28,,,,,,,,,,,,,left_only
2022-06-28 04:37:00,2022-06-28 00:00:00,SA,8,MURRAY BRIDGE STRAIGHT ,Greyhound Racing,MURRAY BRIDGE STRAIGHT,2022-06-28,,,,,,,,,,,,,left_only
2022-06-28 04:52:00,2022-06-28 00:00:00,SA,9,MURRAY BRIDGE STRAIGHT ,Greyhound Racing,MURRAY BRIDGE STRAIGHT,2022-06-28,,,,,,,,,,,,,left_only
2022-06-28 05:12:00,2022-06-28 00:00:00,SA,10,MURRAY BRIDGE STRAIGHT ,Greyhound Racing,MURRAY BRIDGE STRAIGHT,2022-06-28,,,,,,,,,,,,,left_only
2022-06-28 05:27:00,2022-06-28 00:00:00,NSW,1,BULLI ,Greyhound Racing,BULLI,2022-06-28,,,,,,,,,,,,,left_only
2022-06-28 05:51:00,2022-06-28 00:00:00,NSW,2,BULLI ,Greyhound Racing,BULLI,2022-06-28,,,,,,,,,,,,,left_only
2022-06-28 06:11:00,2022-06-28 00:00:00,NSW,3,BULLI ,Greyhound Racing,BULLI,2022-06-28,,,,,,,,,,,,,left_only
2022-06-28 06:27:00,2022-06-28 00:00:00,NSW,4,BULLI ,Greyhound Racing,BULLI,2022-06-28,,,,,,,,,,,,,left_only
2022-06-28 06:44:00,2022-06-28 00:00:00,NSW,5,BULLI ,Greyhound Racing,BULLI,2022-06-28,,,,,,,,,,,,,left_only
2022-06-28 07:02:00,2022-06-28 00:00:00,NSW,6,BULLI ,Greyhound Racing,BULLI,2022-06-28,,,,,,,,,,,,,left_only
2022-06-28 07:24:00,2022-06-28 00:00:00,NSW,7,BULLI ,Greyhound Racing,BULLI,2022-06-28,,,,,,,,,,,,,left_only
2022-06-28 07:46:00,2022-06-28 00:00:00,NSW,8,BULLI ,Greyhound Racing,BULLI,2022-06-28,,,,,,,,,,,,,left_only
2022-06-28 08:09:00,2022-06-28 00:00:00,NSW,9,BULLI ,Greyhound Racing,BULLI,2022-06-28,,,,,,,,,,,,,left_only
2022-06-28 08:25:00,2022-06-28 00:00:00,NSW,10,BULLI ,Greyhound Racing,BULLI,2022-06-28,,,,,,,,,,,,,left_only
2022-06-29 04:04:00,2022-06-29 00:00:00,SA,7,GAWLER ,Greyhound Racing,GAWLER,2022-06-29,,,,,,,,,,,,,left_only
2022-06-29 04:36:00,2022-06-29 00:00:00,VIC,1,BENDIGO ,Greyhound Racing,BENDIGO,2022-06-29,,,,,,,,,,,,,left_only
2022-06-29 04:54:00,2022-06-29 00:00:00,VIC,2,BENDIGO ,Greyhound Racing,BENDIGO,2022-06-29,,,,,,,,,,,,,left_only
2022-06-29 05:13:00,2022-06-29 00:00:00,VIC,3,BENDIGO ,Greyhound Racing,BENDIGO,2022-06-29,,,,,,,,,,,,,left_only
2022-06-29 05:36:00,2022-06-29 00:00:00,VIC,4,BENDIGO ,Greyhound Racing,BENDIGO,2022-06-29,,,,,,,,,,,,,left_only
2022-06-29 06:00:00,2022-06-29 00:00:00,VIC,5,BENDIGO ,Greyhound Racing,BENDIGO,2022-06-29,,,,,,,,,,,,,left_only
2022-06-29 06:22:00,2022-06-29 00:00:00,VIC,6,BENDIGO ,Greyhound Racing,BENDIGO,2022-06-29,,,,,,,,,,,,,left_only
2022-06-29 06:42:00,2022-06-29 00:00:00,VIC,7,BENDIGO ,Greyhound Racing,BENDIGO,2022-06-29,,,,,,,,,,,,,left_only
2022-06-29 07:04:00,2022-06-29 00:00:00,VIC,8,BENDIGO ,Greyhound Racing,BENDIGO,2022-06-29,,,,,,,,,,,,,left_only
2022-06-29 07:27:00,2022-06-29 00:00:00,VIC,9,BENDIGO ,Greyhound Racing,BENDIGO,2022-06-29,,,,,,,,,,,,,left_only
2022-06-29 07:49:00,2022-06-29 00:00:00,VIC,10,BENDIGO ,Greyhound Racing,BENDIGO,2022-06-29,,,,,,,,,,,,,left_only
2022-06-29 08:06:00,2022-06-29 00:00:00,VIC,11,BENDIGO ,Greyhound Racing,BENDIGO,2022-06-29,,,,,,,,,,,,,left_only
2022-06-29 08:27:00,2022-06-29 00:00:00,VIC,12,BENDIGO ,Greyhound Racing,BENDIGO,2022-06-29,,,,,,,,,,,,,left_only
2022-06-30 09:07:00,2022-06-30 00:00:00,SA,1,ANGLE PARK ,Greyhound Racing,ANGLE PARK,2022-06-30,,,,,,,,,,,,,left_only
2022-06-30 09:28:00,2022-06-30 00:00:00,SA,2,ANGLE PARK ,Greyhound Racing,ANGLE PARK,2022-06-30,,,,,,,,,,,,,left_only
2022-06-30 09:52:00,2022-06-30 00:00:00,SA,3,ANGLE PARK ,Greyhound Racing,ANGLE PARK,2022-06-30,,,,,,,,,,,,,left_only
2022-06-30 10:13:00,2022-06-30 00:00:00,SA,4,ANGLE PARK ,Greyhound Racing,ANGLE PARK,2022-06-30,,,,,,,,,,,,,left_only
2022-06-30 10:37:00,2022-06-30 00:00:00,SA,5,ANGLE PARK ,Greyhound Racing,ANGLE PARK,2022-06-30,,,,,,,,,,,,,left_only
2022-06-30 10:58:00,2022-06-30 00:00:00,SA,6,ANGLE PARK ,Greyhound Racing,ANGLE PARK,2022-06-30,,,,,,,,,,,,,left_only
2022-06-30 11:22:00,2022-06-30 00:00:00,SA,7,ANGLE PARK ,Greyhound Racing,ANGLE PARK,2022-06-30,,,,,,,,,,,,,left_only
2022-06-30 11:40:00,2022-06-30 00:00:00,SA,8,ANGLE PARK ,Greyhound Racing,ANGLE PARK,2022-06-30,,,,,,,,,,,,,left_only
2022-06-30 12:02:00,2022-06-30 00:00:00,SA,9,ANGLE PARK ,Greyhound Racing,ANGLE PARK,2022-06-30,,,,,,,,,,,,,left_only
2022-06-30 12:20:00,2022-06-30 00:00:00,SA,10,ANGLE PARK ,Greyhound Racing,ANGLE PARK,2022-06-30,,,,,,,,,,,,,left_only
2022-06-30 12:37:00,2022-06-30 00:00:00,SA,11,ANGLE PARK ,Greyhound Racing,ANGLE PARK,2022-06-30,,,,,,,,,,,,,left_only
2022-06-30 12:54:00,2022-06-30 00:00:00,SA,12,ANGLE PARK ,Greyhound Racing,ANGLE PARK,2022-06-30,,,,,,,,,,,,,left_only
2022-06-02 03:13:00,2022-06-02 00:00:00,NZL,7,CAMBRIDGE ,Greyhound Racing,CAMBRIDGE,2022-06-02,,,,,,,,,,,,,left_only
2022-06-03 02:41:00,2022-06-03 00:00:00,NZL,10,ADDINGTON ,Greyhound Racing,ADDINGTON,2022-06-03,,,,,,,,,,,,,left_only
2022-06-22 03:03:00,2022-06-22 00:00:00,NZL,11,MANAWATU ,Greyhound Racing,MANAWATU,2022-06-22,,,,,,,,,,,,,left_only
2022-06-29 02:24:00,2022-06-29 00:00:00,NZL,11,MANAWATU ,Greyhound Racing,MANAWATU,2022-06-29,,,,,,,,,,,,,left_only
2022-06-29 02:24:00,2022-06-29 00:00:00,NZL,1,MANAWATU EXTRA ,Greyhound Racing,MANAWATU EXTRA,2022-06-29,,,,,,,,,,,,,left_only
2022-06-29 02:41:00,2022-06-29 00:00:00,NZL,12,MANAWATU ,Greyhound Racing,MANAWATU,2022-06-29,,,,,,,,,,,,,left_only
2022-06-29 02:41:00,2022-06-29 00:00:00,NZL,2,MANAWATU EXTRA ,Greyhound Racing,MANAWATU EXTRA,2022-06-29,,,,,,,,,,,,,left_only
2022-06-29 03:03:00,2022-06-29 00:00:00,NZL,3,MANAWATU EXTRA ,Greyhound Racing,MANAWATU EXTRA,2022-06-29,,,,,,,,,,,,,left_only
2022-06-29 03:22:00,2022-06-29 00:00:00,NZL,4,MANAWATU EXTRA ,Greyhound Racing,MANAWATU EXTRA,2022-06-29,,,,,,,,,,,,,left_only
2022-06-29 03:44:00,2022-06-29 00:00:00,NZL,5,MANAWATU EXTRA ,Greyhound Racing,MANAWATU EXTRA,2022-06-29,,,,,,,,,,,,,left_only
2022-06-29 04:01:00,2022-06-29 00:00:00,NZL,6,MANAWATU EXTRA ,Greyhound Racing,MANAWATU EXTRA,2022-06-29,,,,,,,,,,,,,left_only
2022-06-29 04:19:00,2022-06-29 00:00:00,NZL,7,MANAWATU EXTRA ,Greyhound Racing,MANAWATU EXTRA,2022-06-29,,,,,,,,,,,,,left_only
2022-06-01 03:04:00,2022-06-01 00:00:00,NSW,1,COWRA ,Horse Racing,COWRA,2022-06-01,,,,,,,,,,,,,left_only
2022-06-01 05:24:00,2022-06-01 00:00:00,NSW,5,COWRA ,Horse Racing,COWRA,2022-06-01,,,,,,,,,,,,,left_only
2022-06-01 05:59:00,2022-06-01 00:00:00,NSW,6,COWRA ,Horse Racing,COWRA,2022-06-01,,,,,,,,,,,,,left_only
2022-06-01 06:34:00,2022-06-01 00:00:00,NSW,7,COWRA ,Horse Racing,COWRA,2022-06-01,,,,,,,,,,,,,left_only
2022-06-04 01:55:00,2022-06-04 00:00:00,NSW,1,NEWCASTLE ,Horse Racing,NEWCASTLE,2022-06-04,,,,,,,,,,,,,left_only
2022-06-04 02:30:00,2022-06-04 00:00:00,NSW,2,NEWCASTLE ,Horse Racing,NEWCASTLE,2022-06-04,,,,,,,,,,,,,left_only
2022-06-04 03:05:00,2022-06-04 00:00:00,NSW,3,NEWCASTLE ,Horse Racing,NEWCASTLE,2022-06-04,,,,,,,,,,,,,left_only
2022-06-04 03:40:00,2022-06-04 00:00:00,NSW,4,NEWCASTLE ,Horse Racing,NEWCASTLE,2022-06-04,,,,,,,,,,,,,left_only
2022-06-04 04:15:00,2022-06-04 00:00:00,NSW,5,NEWCASTLE ,Horse Racing,NEWCASTLE,2022-06-04,,,,,,,,,,,,,left_only
2022-06-04 04:41:00,2022-06-04 00:00:00,NSW,4,QUIRINDI ,Horse Racing,QUIRINDI,2022-06-04,,,,,,,,,,,,,left_only
2022-06-04 04:50:00,2022-06-04 00:00:00,NSW,6,NEWCASTLE ,Horse Racing,NEWCASTLE,2022-06-04,,,,,,,,,,,,,left_only
2022-06-04 05:25:00,2022-06-04 00:00:00,NSW,7,NEWCASTLE ,Horse Racing,NEWCASTLE,2022-06-04,,,,,,,,,,,,,left_only
2022-06-04 05:56:00,2022-06-04 00:00:00,NSW,6,QUIRINDI ,Horse Racing,QUIRINDI,2022-06-04,,,,,,,,,,,,,left_only
2022-06-04 06:05:00,2022-06-04 00:00:00,NSW,8,NEWCASTLE ,Horse Racing,NEWCASTLE,2022-06-04,,,,,,,,,,,,,left_only
2022-06-05 02:39:00,2022-06-05 00:00:00,NSW,1,CASINO ,Horse Racing,CASINO,2022-06-05,,,,,,,,,,,,,left_only
2022-06-05 03:14:00,2022-06-05 00:00:00,NSW,2,CASINO ,Horse Racing,CASINO,2022-06-05,,,,,,,,,,,,,left_only
2022-06-05 03:49:00,2022-06-05 00:00:00,NSW,3,CASINO ,Horse Racing,CASINO,2022-06-05,,,,,,,,,,,,,left_only
2022-06-05 04:24:00,2022-06-05 00:00:00,NSW,4,CASINO ,Horse Racing,CASINO,2022-06-05,,,,,,,,,,,,,left_only
2022-06-05 05:04:00,2022-06-05 00:00:00,NSW,5,CASINO ,Horse Racing,CASINO,2022-06-05,,,,,,,,,,,,,left_only
2022-06-05 05:39:00,2022-06-05 00:00:00,NSW,6,CASINO ,Horse Racing,CASINO,2022-06-05,,,,,,,,,,,,,left_only
2022-06-05 06:17:00,2022-06-05 00:00:00,NSW,7,CASINO ,Horse Racing,CASINO,2022-06-05,,,,,,,,,,,,,left_only
2022-06-06 02:42:00,2022-06-06 00:00:00,QLD,1,THANGOOL ,Horse Racing,THANGOOL,2022-06-06,,,,,,,,,,,,,left_only
2022-06-06 03:17:00,2022-06-06 00:00:00,QLD,2,THANGOOL ,Horse Racing,THANGOOL,2022-06-06,,,,,,,,,,,,,left_only
2022-06-06 03:57:00,2022-06-06 00:00:00,QLD,3,THANGOOL ,Horse Racing,THANGOOL,2022-06-06,,,,,,,,,,,,,left_only
2022-06-06 04:34:00,2022-06-06 00:00:00,QLD,4,THANGOOL ,Horse Racing,THANGOOL,2022-06-06,,,,,,,,,,,,,left_only
2022-06-06 05:12:00,2022-06-06 00:00:00,QLD,5,THANGOOL ,Horse Racing,THANGOOL,2022-06-06,,,,,,,,,,,,,left_only
2022-06-06 05:47:00,2022-06-06 00:00:00,QLD,6,THANGOOL ,Horse Racing,THANGOOL,2022-06-06,,,,,,,,,,,,,left_only
2022-06-06 06:22:00,2022-06-06 00:00:00,QLD,7,THANGOOL ,Horse Racing,THANGOOL,2022-06-06,,,,,,,,,,,,,left_only
2022-06-07 01:25:00,2022-06-07 00:00:00,QLD,1,DALBY ,Horse Racing,DALBY,2022-06-07,,,,,,,,,,,,,left_only
2022-06-07 02:00:00,2022-06-07 00:00:00,QLD,2,DALBY ,Horse Racing,DALBY,2022-06-07,,,,,,,,,,,,,left_only
2022-06-07 02:35:00,2022-06-07 00:00:00,QLD,3,DALBY ,Horse Racing,DALBY,2022-06-07,,,,,,,,,,,,,left_only
2022-06-07 03:15:00,2022-06-07 00:00:00,QLD,4,DALBY ,Horse Racing,DALBY,2022-06-07,,,,,,,,,,,,,left_only
2022-06-07 03:50:00,2022-06-07 00:00:00,QLD,5,DALBY ,Horse Racing,DALBY,2022-06-07,,,,,,,,,,,,,left_only
2022-06-07 04:25:00,2022-06-07 00:00:00,QLD,6,DALBY ,Horse Racing,DALBY,2022-06-07,,,,,,,,,,,,,left_only
2022-06-07 05:05:00,2022-06-07 00:00:00,QLD,7,DALBY ,Horse Racing,DALBY,2022-06-07,,,,,,,,,,,,,left_only
2022-06-07 05:40:00,2022-06-07 00:00:00,QLD,8,DALBY ,Horse Racing,DALBY,2022-06-07,,,,,,,,,,,,,left_only
2022-06-07 06:15:00,2022-06-07 00:00:00,QLD,9,DALBY ,Horse Racing,DALBY,2022-06-07,,,,,,,,,,,,,left_only
2022-06-11 01:55:00,2022-06-11 00:00:00,NSW,1,NEWCASTLE ,Horse Racing,NEWCASTLE,2022-06-11,,,,,,,,,,,,,left_only
2022-06-11 02:30:00,2022-06-11 00:00:00,NSW,2,NEWCASTLE ,Horse Racing,NEWCASTLE,2022-06-11,,,,,,,,,,,,,left_only
2022-06-11 03:05:00,2022-06-11 00:00:00,NSW,3,NEWCASTLE ,Horse Racing,NEWCASTLE,2022-06-11,,,,,,,,,,,,,left_only
2022-06-11 03:40:00,2022-06-11 00:00:00,NSW,4,NEWCASTLE ,Horse Racing,NEWCASTLE,2022-06-11,,,,,,,,,,,,,left_only
2022-06-11 04:15:00,2022-06-11 00:00:00,NSW,5,NEWCASTLE ,Horse Racing,NEWCASTLE,2022-06-11,,,,,,,,,,,,,left_only
2022-06-11 04:50:00,2022-06-11 00:00:00,NSW,6,NEWCASTLE ,Horse Racing,NEWCASTLE,2022-06-11,,,,,,,,,,,,,left_only
2022-06-11 05:25:00,2022-06-11 00:00:00,NSW,7,NEWCASTLE ,Horse Racing,NEWCASTLE,2022-06-11,,,,,,,,,,,,,left_only
2022-06-11 06:05:00,2022-06-11 00:00:00,NSW,8,NEWCASTLE ,Horse Racing,NEWCASTLE,2022-06-11,,,,,,,,,,,,,left_only
2022-06-13 02:29:00,2022-06-13 00:00:00,NSW,1,BALLINA ,Horse Racing,BALLINA,2022-06-13,,,,,,,,,,,,,left_only
2022-06-13 03:04:00,2022-06-13 00:00:00,NSW,2,BALLINA ,Horse Racing,BALLINA,2022-06-13,,,,,,,,,,,,,left_only
2022-06-13 04:14:00,2022-06-13 00:00:00,NSW,4,BALLINA ,Horse Racing,BALLINA,2022-06-13,,,,,,,,,,,,,left_only
2022-06-13 04:49:00,2022-06-13 00:00:00,NSW,5,BALLINA ,Horse Racing,BALLINA,2022-06-13,,,,,,,,,,,,,left_only
2022-06-13 05:24:00,2022-06-13 00:00:00,NSW,6,BALLINA ,Horse Racing,BALLINA,2022-06-13,,,,,,,,,,,,,left_only
2022-06-13 05:59:00,2022-06-13 00:00:00,NSW,7,BALLINA ,Horse Racing,BALLINA,2022-06-13,,,,,,,,,,,,,left_only
2022-06-17 06:05:00,2022-06-17 00:00:00,WA,1,CARNARVON ,Horse Racing,CARNARVON,2022-06-17,,,,,,,,,,,,,left_only
2022-06-17 06:40:00,2022-06-17 00:00:00,WA,2,CARNARVON ,Horse Racing,CARNARVON,2022-06-17,,,,,,,,,,,,,left_only
2022-06-17 07:15:00,2022-06-17 00:00:00,WA,3,CARNARVON ,Horse Racing,CARNARVON,2022-06-17,,,,,,,,,,,,,left_only
2022-06-17 07:45:00,2022-06-17 00:00:00,WA,4,CARNARVON ,Horse Racing,CARNARVON,2022-06-17,,,,,,,,,,,,,left_only
2022-06-17 08:15:00,2022-06-17 00:00:00,WA,5,CARNARVON ,Horse Racing,CARNARVON,2022-06-17,,,,,,,,,,,,,left_only
2022-06-17 08:45:00,2022-06-17 00:00:00,WA,6,CARNARVON ,Horse Racing,CARNARVON,2022-06-17,,,,,,,,,,,,,left_only
2022-06-20 02:45:00,2022-06-20 00:00:00,NSW,1,NEWCASTLE ,Horse Racing,NEWCASTLE,2022-06-20,,,,,,,,,,,,,left_only
2022-06-20 03:20:00,2022-06-20 00:00:00,NSW,2,NEWCASTLE ,Horse Racing,NEWCASTLE,2022-06-20,,,,,,,,,,,,,left_only
2022-06-20 03:55:00,2022-06-20 00:00:00,NSW,3,NEWCASTLE ,Horse Racing,NEWCASTLE,2022-06-20,,,,,,,,,,,,,left_only
2022-06-20 04:35:00,2022-06-20 00:00:00,NSW,4,NEWCASTLE ,Horse Racing,NEWCASTLE,2022-06-20,,,,,,,,,,,,,left_only
2022-06-20 05:10:00,2022-06-20 00:00:00,NSW,5,NEWCASTLE ,Horse Racing,NEWCASTLE,2022-06-20,,,,,,,,,,,,,left_only
2022-06-20 05:45:00,2022-06-20 00:00:00,NSW,6,NEWCASTLE ,Horse Racing,NEWCASTLE,2022-06-20,,,,,,,,,,,,,left_only
2022-06-20 06:20:00,2022-06-20 00:00:00,NSW,7,NEWCASTLE ,Horse Racing,NEWCASTLE,2022-06-20,,,,,,,,,,,,,left_only
2022-06-25 01:07:00,2022-06-25 00:00:00,QLD,1,ROMA ,Horse Racing,ROMA,2022-06-25,,,,,,,,,,,,,left_only
2022-06-25 01:46:00,2022-06-25 00:00:00,QLD,2,ROMA ,Horse Racing,ROMA,2022-06-25,,,,,,,,,,,,,left_only
2022-06-25 01:55:00,2022-06-25 00:00:00,NSW,1,NEWCASTLE ,Horse Racing,NEWCASTLE,2022-06-25,,,,,,,,,,,,,left_only
2022-06-25 02:21:00,2022-06-25 00:00:00,QLD,3,ROMA ,Horse Racing,ROMA,2022-06-25,,,,,,,,,,,,,left_only
2022-06-25 02:30:00,2022-06-25 00:00:00,NSW,2,NEWCASTLE ,Horse Racing,NEWCASTLE,2022-06-25,,,,,,,,,,,,,left_only
2022-06-25 02:58:00,2022-06-25 00:00:00,QLD,4,ROMA ,Horse Racing,ROMA,2022-06-25,,,,,,,,,,,,,left_only
2022-06-25 03:05:00,2022-06-25 00:00:00,NSW,3,NEWCASTLE ,Horse Racing,NEWCASTLE,2022-06-25,,,,,,,,,,,,,left_only
2022-06-25 03:33:00,2022-06-25 00:00:00,QLD,5,ROMA ,Horse Racing,ROMA,2022-06-25,,,,,,,,,,,,,left_only
2022-06-25 03:40:00,2022-06-25 00:00:00,NSW,4,NEWCASTLE ,Horse Racing,NEWCASTLE,2022-06-25,,,,,,,,,,,,,left_only
2022-06-25 04:14:00,2022-06-25 00:00:00,QLD,6,ROMA ,Horse Racing,ROMA,2022-06-25,,,,,,,,,,,,,left_only
2022-06-25 04:15:00,2022-06-25 00:00:00,NSW,5,NEWCASTLE ,Horse Racing,NEWCASTLE,2022-06-25,,,,,,,,,,,,,left_only
2022-06-25 04:50:00,2022-06-25 00:00:00,NSW,6,NEWCASTLE ,Horse Racing,NEWCASTLE,2022-06-25,,,,,,,,,,,,,left_only
2022-06-25 05:25:00,2022-06-25 00:00:00,NSW,7,NEWCASTLE ,Horse Racing,NEWCASTLE,2022-06-25,,,,,,,,,,,,,left_only
2022-06-25 06:05:00,2022-06-25 00:00:00,NSW,8,NEWCASTLE ,Horse Racing,NEWCASTLE,2022-06-25,,,,,,,,,,,,,left_only
2022-05-31 23:55:00,2022-06-01 00:00:00,NZL,1,CAMBRIDGE ,Horse Racing,CAMBRIDGE,2022-06-01,,,,,,,,,,,,,left_only
2022-06-01 00:30:00,2022-06-01 00:00:00,NZL,2,CAMBRIDGE ,Horse Racing,CAMBRIDGE,2022-06-01,,,,,,,,,,,,,left_only
2022-06-01 01:05:00,2022-06-01 00:00:00,NZL,3,CAMBRIDGE ,Horse Racing,CAMBRIDGE,2022-06-01,,,,,,,,,,,,,left_only
2022-06-01 01:40:00,2022-06-01 00:00:00,NZL,4,CAMBRIDGE ,Horse Racing,CAMBRIDGE,2022-06-01,,,,,,,,,,,,,left_only
2022-06-01 02:15:00,2022-06-01 00:00:00,NZL,5,CAMBRIDGE ,Horse Racing,CAMBRIDGE,2022-06-01,,,,,,,,,,,,,left_only
2022-06-01 02:54:00,2022-06-01 00:00:00,NZL,6,CAMBRIDGE ,Horse Racing,CAMBRIDGE,2022-06-01,,,,,,,,,,,,,left_only
2022-06-01 03:29:00,2022-06-01 00:00:00,NZL,7,CAMBRIDGE ,Horse Racing,CAMBRIDGE,2022-06-01,,,,,,,,,,,,,left_only
2022-06-01 04:04:00,2022-06-01 00:00:00,NZL,8,CAMBRIDGE ,Horse Racing,CAMBRIDGE,2022-06-01,,,,,,,,,,,,,left_only
2022-06-03 00:06:00,2022-06-03 00:00:00,NZL,1,RICCARTON ,Horse Racing,RICCARTON,2022-06-03,,,,,,,,,,,,,left_only
2022-06-03 00:41:00,2022-06-03 00:00:00,NZL,2,RICCARTON ,Horse Racing,RICCARTON,2022-06-03,,,,,,,,,,,,,left_only
2022-06-03 01:20:00,2022-06-03 00:00:00,NZL,3,RICCARTON ,Horse Racing,RICCARTON,2022-06-03,,,,,,,,,,,,,left_only
2022-06-03 01:52:00,2022-06-03 00:00:00,NZL,4,RICCARTON ,Horse Racing,RICCARTON,2022-06-03,,,,,,,,,,,,,left_only
2022-06-03 02:27:00,2022-06-03 00:00:00,NZL,5,RICCARTON ,Horse Racing,RICCARTON,2022-06-03,,,,,,,,,,,,,left_only
2022-06-03 03:04:00,2022-06-03 00:00:00,NZL,6,RICCARTON ,Horse Racing,RICCARTON,2022-06-03,,,,,,,,,,,,,left_only
2022-06-03 03:36:00,2022-06-03 00:00:00,NZL,7,RICCARTON ,Horse Racing,RICCARTON,2022-06-03,,,,,,,,,,,,,left_only
2022-06-03 04:10:00,2022-06-03 00:00:00,NZL,8,RICCARTON ,Horse Racing,RICCARTON,2022-06-03,,,,,,,,,,,,,left_only
2022-06-03 23:50:00,2022-06-04 00:00:00,NZL,1,WANGANUI ,Horse Racing,WANGANUI,2022-06-04,,,,,,,,,,,,,left_only
2022-06-04 00:22:00,2022-06-04 00:00:00,NZL,2,WANGANUI ,Horse Racing,WANGANUI,2022-06-04,,,,,,,,,,,,,left_only
2022-06-04 00:54:00,2022-06-04 00:00:00,NZL,3,WANGANUI ,Horse Racing,WANGANUI,2022-06-04,,,,,,,,,,,,,left_only
2022-06-04 01:29:00,2022-06-04 00:00:00,NZL,4,WANGANUI ,Horse Racing,WANGANUI,2022-06-04,,,,,,,,,,,,,left_only
2022-06-04 02:09:00,2022-06-04 00:00:00,NZL,5,WANGANUI ,Horse Racing,WANGANUI,2022-06-04,,,,,,,,,,,,,left_only
2022-06-04 02:44:00,2022-06-04 00:00:00,NZL,6,WANGANUI ,Horse Racing,WANGANUI,2022-06-04,,,,,,,,,,,,,left_only
2022-06-04 03:19:00,2022-06-04 00:00:00,NZL,7,WANGANUI ,Horse Racing,WANGANUI,2022-06-04,,,,,,,,,,,,,left_only
2022-06-04 03:53:00,2022-06-04 00:00:00,NZL,8,WANGANUI ,Horse Racing,WANGANUI,2022-06-04,,,,,,,,,,,,,left_only
2022-06-11 00:02:00,2022-06-11 00:00:00,NZL,1,TRENTHAM ,Horse Racing,TRENTHAM,2022-06-11,,,,,,,,,,,,,left_only
2022-06-11 00:37:00,2022-06-11 00:00:00,NZL,2,TRENTHAM ,Horse Racing,TRENTHAM,2022-06-11,,,,,,,,,,,,,left_only
2022-06-11 01:14:00,2022-06-11 00:00:00,NZL,3,TRENTHAM ,Horse Racing,TRENTHAM,2022-06-11,,,,,,,,,,,,,left_only
2022-06-11 01:52:00,2022-06-11 00:00:00,NZL,4,TRENTHAM ,Horse Racing,TRENTHAM,2022-06-11,,,,,,,,,,,,,left_only
2022-06-11 02:27:00,2022-06-11 00:00:00,NZL,5,TRENTHAM ,Horse Racing,TRENTHAM,2022-06-11,,,,,,,,,,,,,left_only
2022-06-11 03:02:00,2022-06-11 00:00:00,NZL,6,TRENTHAM ,Horse Racing,TRENTHAM,2022-06-11,,,,,,,,,,,,,left_only
2022-06-11 03:37:00,2022-06-11 00:00:00,NZL,7,TRENTHAM ,Horse Racing,TRENTHAM,2022-06-11,,,,,,,,,,,,,left_only
2022-06-11 04:12:00,2022-06-11 00:00:00,NZL,8,TRENTHAM ,Horse Racing,TRENTHAM,2022-06-11,,,,,,,,,,,,,left_only
2022-06-14 22:55:00,2022-06-15 00:00:00,NZL,1,CAMBRIDGE ,Horse Racing,CAMBRIDGE,2022-06-15,,,,,,,,,,,,,left_only
2022-06-14 23:25:00,2022-06-15 00:00:00,NZL,2,CAMBRIDGE ,Horse Racing,CAMBRIDGE,2022-06-15,,,,,,,,,,,,,left_only
2022-06-14 23:55:00,2022-06-15 00:00:00,NZL,3,CAMBRIDGE ,Horse Racing,CAMBRIDGE,2022-06-15,,,,,,,,,,,,,left_only
2022-06-15 00:30:00,2022-06-15 00:00:00,NZL,4,CAMBRIDGE ,Horse Racing,CAMBRIDGE,2022-06-15,,,,,,,,,,,,,left_only
2022-06-15 01:06:00,2022-06-15 00:00:00,NZL,5,CAMBRIDGE ,Horse Racing,CAMBRIDGE,2022-06-15,,,,,,,,,,,,,left_only
2022-06-15 01:42:00,2022-06-15 00:00:00,NZL,6,CAMBRIDGE ,Horse Racing,CAMBRIDGE,2022-06-15,,,,,,,,,,,,,left_only
2022-06-15 02:17:00,2022-06-15 00:00:00,NZL,7,CAMBRIDGE ,Horse Racing,CAMBRIDGE,2022-06-15,,,,,,,,,,,,,left_only
2022-06-15 02:54:00,2022-06-15 00:00:00,NZL,8,CAMBRIDGE ,Horse Racing,CAMBRIDGE,2022-06-15,,,,,,,,,,,,,left_only
2022-06-15 03:29:00,2022-06-15 00:00:00,NZL,9,CAMBRIDGE ,Horse Racing,CAMBRIDGE,2022-06-15,,,,,,,,,,,,,left_only
2022-06-15 04:04:00,2022-06-15 00:00:00,NZL,10,CAMBRIDGE ,Horse Racing,CAMBRIDGE,2022-06-15,,,,,,,,,,,,,left_only
2022-06-16 00:17:00,2022-06-16 00:00:00,NZL,1,RICCARTON ,Horse Racing,RICCARTON,2022-06-16,,,,,,,,,,,,,left_only
2022-06-16 00:52:00,2022-06-16 00:00:00,NZL,2,RICCARTON ,Horse Racing,RICCARTON,2022-06-16,,,,,,,,,,,,,left_only
2022-06-16 01:27:00,2022-06-16 00:00:00,NZL,3,RICCARTON ,Horse Racing,RICCARTON,2022-06-16,,,,,,,,,,,,,left_only
2022-06-16 02:02:00,2022-06-16 00:00:00,NZL,4,RICCARTON ,Horse Racing,RICCARTON,2022-06-16,,,,,,,,,,,,,left_only
2022-06-16 02:37:00,2022-06-16 00:00:00,NZL,5,RICCARTON ,Horse Racing,RICCARTON,2022-06-16,,,,,,,,,,,,,left_only
2022-06-16 03:11:00,2022-06-16 00:00:00,NZL,6,RICCARTON ,Horse Racing,RICCARTON,2022-06-16,,,,,,,,,,,,,left_only
2022-06-16 03:44:00,2022-06-16 00:00:00,NZL,7,RICCARTON ,Horse Racing,RICCARTON,2022-06-16,,,,,,,,,,,,,left_only
2022-06-28 23:55:00,2022-06-29 00:00:00,NZL,1,CAMBRIDGE ,Horse Racing,CAMBRIDGE,2022-06-29,,,,,,,,,,,,,left_only
2022-06-29 00:31:00,2022-06-29 00:00:00,NZL,2,CAMBRIDGE ,Horse Racing,CAMBRIDGE,2022-06-29,,,,,,,,,,,,,left_only
2022-06-29 01:07:00,2022-06-29 00:00:00,NZL,3,CAMBRIDGE ,Horse Racing,CAMBRIDGE,2022-06-29,,,,,,,,,,,,,left_only
2022-06-29 01:42:00,2022-06-29 00:00:00,NZL,4,CAMBRIDGE ,Horse Racing,CAMBRIDGE,2022-06-29,,,,,,,,,,,,,left_only
2022-06-29 02:19:00,2022-06-29 00:00:00,NZL,5,CAMBRIDGE ,Horse Racing,CAMBRIDGE,2022-06-29,,,,,,,,,,,,,left_only
2022-06-29 02:54:00,2022-06-29 00:00:00,NZL,6,CAMBRIDGE ,Horse Racing,CAMBRIDGE,2022-06-29,,,,,,,,,,,,,left_only
2022-06-29 03:29:00,2022-06-29 00:00:00,NZL,7,CAMBRIDGE ,Horse Racing,CAMBRIDGE,2022-06-29,,,,,,,,,,,,,left_only
2022-06-30 01:07:00,2022-06-30 00:00:00,NZL,1,RICCARTON ,Horse Racing,RICCARTON,2022-06-30,,,,,,,,,,,,,left_only
2022-06-30 01:42:00,2022-06-30 00:00:00,NZL,2,RICCARTON ,Horse Racing,RICCARTON,2022-06-30,,,,,,,,,,,,,left_only
2022-06-30 02:17:00,2022-06-30 00:00:00,NZL,3,RICCARTON ,Horse Racing,RICCARTON,2022-06-30,,,,,,,,,,,,,left_only
2022-06-30 02:54:00,2022-06-30 00:00:00,NZL,4,RICCARTON ,Horse Racing,RICCARTON,2022-06-30,,,,,,,,,,,,,left_only
2022-06-30 03:29:00,2022-06-30 00:00:00,NZL,5,RICCARTON ,Horse Racing,RICCARTON,2022-06-30,,,,,,,,,,,,,left_only
2022-06-30 04:04:00,2022-06-30 00:00:00,NZL,6,RICCARTON ,Horse Racing,RICCARTON,2022-06-30,,,,,,,,,,,,,left_only
